[run number],maximum-sugar-endowment,minimum-sugar-endowment,visualization,taxation,redistribution,initial-population,[step],avg-gini,starvation,avg-productivity,total-wealth
1,0,0,color-agents-by-decile,uniform-collection,UBI,400,0,0,0,0,0
2,0,10,color-agents-by-decile,uniform-collection,UBI,400,0,0,0,0,0
3,0,20,color-agents-by-decile,uniform-collection,UBI,400,0,0,0,0,0
4,0,30,color-agents-by-decile,uniform-collection,UBI,400,0,0,0,0,0
5,0,40,color-agents-by-decile,uniform-collection,UBI,400,0,0,0,0,0
6,0,50,color-agents-by-decile,uniform-collection,UBI,400,0,0,0,0,0
7,0,60,color-agents-by-decile,uniform-collection,UBI,400,0,0,0,0,0
8,0,70,color-agents-by-decile,uniform-collection,UBI,400,0,0,0,0,0
9,0,80,color-agents-by-decile,uniform-collection,UBI,400,0,0,0,0,0
10,0,90,color-agents-by-decile,uniform-collection,UBI,400,0,0,0,0,0
11,0,100,color-agents-by-decile,uniform-collection,UBI,400,0,0,0,0,0
12,0,110,color-agents-by-decile,uniform-collection,UBI,400,0,0,0,0,0
13,0,120,color-agents-by-decile,uniform-collection,UBI,400,0,0,0,0,0
14,0,130,color-agents-by-decile,uniform-collection,UBI,400,0,0,0,0,0
15,0,140,color-agents-by-decile,uniform-collection,UBI,400,0,0,0,0,0
16,0,150,color-agents-by-decile,uniform-collection,UBI,400,0,0,0,0,0
17,0,160,color-agents-by-decile,uniform-collection,UBI,400,0,0,0,0,0
18,0,170,color-agents-by-decile,uniform-collection,UBI,400,0,0,0,0,0
19,0,180,color-agents-by-decile,uniform-collection,UBI,400,0,0,0,0,0
20,0,190,color-agents-by-decile,uniform-collection,UBI,400,0,0,0,0,0
21,0,200,color-agents-by-decile,uniform-collection,UBI,400,0,0,0,0,0
22,10,0,color-agents-by-decile,uniform-collection,UBI,400,1000,0.250576320409029,831,21.125575,9432
23,10,10,color-agents-by-decile,uniform-collection,UBI,400,0,0,0,0,0
24,10,20,color-agents-by-decile,uniform-collection,UBI,400,0,0,0,0,0
25,10,30,color-agents-by-decile,uniform-collection,UBI,400,0,0,0,0,0
26,10,40,color-agents-by-decile,uniform-collection,UBI,400,0,0,0,0,0
27,10,50,color-agents-by-decile,uniform-collection,UBI,400,0,0,0,0,0
28,10,60,color-agents-by-decile,uniform-collection,UBI,400,0,0,0,0,0
29,10,70,color-agents-by-decile,uniform-collection,UBI,400,0,0,0,0,0
30,10,80,color-agents-by-decile,uniform-collection,UBI,400,0,0,0,0,0
31,10,90,color-agents-by-decile,uniform-collection,UBI,400,0,0,0,0,0
32,10,100,color-agents-by-decile,uniform-collection,UBI,400,0,0,0,0,0
33,10,110,color-agents-by-decile,uniform-collection,UBI,400,0,0,0,0,0
34,10,120,color-agents-by-decile,uniform-collection,UBI,400,0,0,0,0,0
35,10,130,color-agents-by-decile,uniform-collection,UBI,400,0,0,0,0,0
36,10,140,color-agents-by-decile,uniform-collection,UBI,400,0,0,0,0,0
37,10,150,color-agents-by-decile,uniform-collection,UBI,400,0,0,0,0,0
38,10,160,color-agents-by-decile,uniform-collection,UBI,400,0,0,0,0,0
39,10,170,color-agents-by-decile,uniform-collection,UBI,400,0,0,0,0,0
40,10,180,color-agents-by-decile,uniform-collection,UBI,400,0,0,0,0,0
41,10,190,color-agents-by-decile,uniform-collection,UBI,400,0,0,0,0,0
42,10,200,color-agents-by-decile,uniform-collection,UBI,400,0,0,0,0,0
43,20,0,color-agents-by-decile,uniform-collection,UBI,400,1000,0.214247525375489,458,26.21655,10727
44,20,10,color-agents-by-decile,uniform-collection,UBI,400,1000,0.188607359675253,155,28.60255,12089
45,20,20,color-agents-by-decile,uniform-collection,UBI,400,0,0.214247525375489,458,26.21655,10727
46,20,30,color-agents-by-decile,uniform-collection,UBI,400,0,0.214247525375489,458,26.21655,10727
47,20,40,color-agents-by-decile,uniform-collection,UBI,400,0,0.214247525375489,458,26.21655,10727
48,20,50,color-agents-by-decile,uniform-collection,UBI,400,0,0.214247525375489,458,26.21655,10727
49,20,60,color-agents-by-decile,uniform-collection,UBI,400,0,0.214247525375489,458,26.21655,10727
50,20,70,color-agents-by-decile,uniform-collection,UBI,400,0,0.214247525375489,458,26.21655,10727
51,20,80,color-agents-by-decile,uniform-collection,UBI,400,0,0.214247525375489,458,26.21655,10727
52,20,90,color-agents-by-decile,uniform-collection,UBI,400,0,0.214247525375489,458,26.21655,10727
53,20,100,color-agents-by-decile,uniform-collection,UBI,400,0,0.214247525375489,458,26.21655,10727
54,20,110,color-agents-by-decile,uniform-collection,UBI,400,0,0.214247525375489,458,26.21655,10727
55,20,120,color-agents-by-decile,uniform-collection,UBI,400,0,0.214247525375489,458,26.21655,10727
56,20,130,color-agents-by-decile,uniform-collection,UBI,400,0,0.214247525375489,458,26.21655,10727
57,20,140,color-agents-by-decile,uniform-collection,UBI,400,0,0.214247525375489,458,26.21655,10727
58,20,150,color-agents-by-decile,uniform-collection,UBI,400,0,0.214247525375489,458,26.21655,10727
59,20,160,color-agents-by-decile,uniform-collection,UBI,400,0,0.214247525375489,458,26.21655,10727
60,20,170,color-agents-by-decile,uniform-collection,UBI,400,0,0.214247525375489,458,26.21655,10727
61,20,180,color-agents-by-decile,uniform-collection,UBI,400,0,0.214247525375489,458,26.21655,10727
62,20,190,color-agents-by-decile,uniform-collection,UBI,400,0,0.214247525375489,458,26.21655,10727
63,20,200,color-agents-by-decile,uniform-collection,UBI,400,0,0.214247525375489,458,26.21655,10727
64,30,0,color-agents-by-decile,uniform-collection,UBI,400,1000,0.190388259486241,212,29.970425,11432
65,30,10,color-agents-by-decile,uniform-collection,UBI,400,1000,0.168866120634601,106,32.48785,13458
66,30,20,color-agents-by-decile,uniform-collection,UBI,400,1000,0.152885328553856,10,36.934125,14464
67,30,30,color-agents-by-decile,uniform-collection,UBI,400,0,0.152885328553856,10,36.934125,14464
68,30,40,color-agents-by-decile,uniform-collection,UBI,400,0,0.152885328553856,10,36.934125,14464
69,30,50,color-agents-by-decile,uniform-collection,UBI,400,0,0.152885328553856,10,36.934125,14464
70,30,60,color-agents-by-decile,uniform-collection,UBI,400,0,0.152885328553856,10,36.934125,14464
71,30,70,color-agents-by-decile,uniform-collection,UBI,400,0,0.152885328553856,10,36.934125,14464
72,30,80,color-agents-by-decile,uniform-collection,UBI,400,0,0.152885328553856,10,36.934125,14464
73,30,90,color-agents-by-decile,uniform-collection,UBI,400,0,0.152885328553856,10,36.934125,14464
74,30,100,color-agents-by-decile,uniform-collection,UBI,400,0,0.152885328553856,10,36.934125,14464
75,30,110,color-agents-by-decile,uniform-collection,UBI,400,0,0.152885328553856,10,36.934125,14464
76,30,120,color-agents-by-decile,uniform-collection,UBI,400,0,0.152885328553856,10,36.934125,14464
77,30,130,color-agents-by-decile,uniform-collection,UBI,400,0,0.152885328553856,10,36.934125,14464
78,30,140,color-agents-by-decile,uniform-collection,UBI,400,0,0.152885328553856,10,36.934125,14464
79,30,150,color-agents-by-decile,uniform-collection,UBI,400,0,0.152885328553856,10,36.934125,14464
80,30,160,color-agents-by-decile,uniform-collection,UBI,400,0,0.152885328553856,10,36.934125,14464
81,30,170,color-agents-by-decile,uniform-collection,UBI,400,0,0.152885328553856,10,36.934125,14464
82,30,180,color-agents-by-decile,uniform-collection,UBI,400,0,0.152885328553856,10,36.934125,14464
83,30,190,color-agents-by-decile,uniform-collection,UBI,400,0,0.152885328553856,10,36.934125,14464
84,30,200,color-agents-by-decile,uniform-collection,UBI,400,0,0.152885328553856,10,36.934125,14464
85,40,0,color-agents-by-decile,uniform-collection,UBI,400,1000,0.173859235236722,113,32.49435,13426
86,40,10,color-agents-by-decile,uniform-collection,UBI,400,1000,0.148288041425895,34,39.292275,15193
87,40,20,color-agents-by-decile,uniform-collection,UBI,400,1000,0.13553156597628,10,40.06535,17497
88,40,30,color-agents-by-decile,uniform-collection,UBI,400,1000,0.115720099273473,0,49.0212,19774
89,40,40,color-agents-by-decile,uniform-collection,UBI,400,0,0.13553156597628,10,40.06535,17497
90,40,50,color-agents-by-decile,uniform-collection,UBI,400,0,0.13553156597628,10,40.06535,17497
91,40,60,color-agents-by-decile,uniform-collection,UBI,400,0,0.13553156597628,10,40.06535,17497
92,40,70,color-agents-by-decile,uniform-collection,UBI,400,0,0.13553156597628,10,40.06535,17497
93,40,80,color-agents-by-decile,uniform-collection,UBI,400,0,0.13553156597628,10,40.06535,17497
94,40,90,color-agents-by-decile,uniform-collection,UBI,400,0,0.13553156597628,10,40.06535,17497
95,40,100,color-agents-by-decile,uniform-collection,UBI,400,0,0.13553156597628,10,40.06535,17497
96,40,110,color-agents-by-decile,uniform-collection,UBI,400,0,0.13553156597628,10,40.06535,17497
97,40,120,color-agents-by-decile,uniform-collection,UBI,400,0,0.13553156597628,10,40.06535,17497
98,40,130,color-agents-by-decile,uniform-collection,UBI,400,0,0.13553156597628,10,40.06535,17497
99,40,140,color-agents-by-decile,uniform-collection,UBI,400,0,0.13553156597628,10,40.06535,17497
100,40,150,color-agents-by-decile,uniform-collection,UBI,400,0,0.13553156597628,10,40.06535,17497
101,40,160,color-agents-by-decile,uniform-collection,UBI,400,0,0.13553156597628,10,40.06535,17497
102,40,170,color-agents-by-decile,uniform-collection,UBI,400,0,0.13553156597628,10,40.06535,17497
103,40,180,color-agents-by-decile,uniform-collection,UBI,400,0,0.13553156597628,10,40.06535,17497
104,40,190,color-agents-by-decile,uniform-collection,UBI,400,0,0.13553156597628,10,40.06535,17497
105,40,200,color-agents-by-decile,uniform-collection,UBI,400,0,0.13553156597628,10,40.06535,17497
106,50,0,color-agents-by-decile,uniform-collection,UBI,400,1000,0.170755872735465,44,35.002875,15014
107,50,10,color-agents-by-decile,uniform-collection,UBI,400,1000,0.147565472964683,4,39.027025,16543
108,50,20,color-agents-by-decile,uniform-collection,UBI,400,1000,0.118207132352895,2,47.316975,19241
109,50,30,color-agents-by-decile,uniform-collection,UBI,400,1000,0.106450214660592,0,49.77245,20779
110,50,40,color-agents-by-decile,uniform-collection,UBI,400,1000,0.0986068407132482,0,57.0131,21471
111,50,50,color-agents-by-decile,uniform-collection,UBI,400,0,0.106450214660592,0,49.77245,20779
112,50,60,color-agents-by-decile,uniform-collection,UBI,400,0,0.106450214660592,0,49.77245,20779
113,50,70,color-agents-by-decile,uniform-collection,UBI,400,0,0.106450214660592,0,49.77245,20779
114,50,80,color-agents-by-decile,uniform-collection,UBI,400,0,0.106450214660592,0,49.77245,20779
115,50,90,color-agents-by-decile,uniform-collection,UBI,400,0,0.106450214660592,0,49.77245,20779
116,50,100,color-agents-by-decile,uniform-collection,UBI,400,0,0.106450214660592,0,49.77245,20779
117,50,110,color-agents-by-decile,uniform-collection,UBI,400,0,0.106450214660592,0,49.77245,20779
118,50,120,color-agents-by-decile,uniform-collection,UBI,400,0,0.106450214660592,0,49.77245,20779
119,50,130,color-agents-by-decile,uniform-collection,UBI,400,0,0.106450214660592,0,49.77245,20779
120,50,140,color-agents-by-decile,uniform-collection,UBI,400,0,0.106450214660592,0,49.77245,20779
121,50,150,color-agents-by-decile,uniform-collection,UBI,400,0,0.106450214660592,0,49.77245,20779
122,50,160,color-agents-by-decile,uniform-collection,UBI,400,0,0.106450214660592,0,49.77245,20779
123,50,170,color-agents-by-decile,uniform-collection,UBI,400,0,0.106450214660592,0,49.77245,20779
124,50,180,color-agents-by-decile,uniform-collection,UBI,400,0,0.106450214660592,0,49.77245,20779
125,50,190,color-agents-by-decile,uniform-collection,UBI,400,0,0.106450214660592,0,49.77245,20779
126,50,200,color-agents-by-decile,uniform-collection,UBI,400,0,0.106450214660592,0,49.77245,20779
127,60,0,color-agents-by-decile,uniform-collection,UBI,400,1000,0.157814467258319,16,39.9828,16206
128,60,10,color-agents-by-decile,uniform-collection,UBI,400,1000,0.124822418636096,3,49.843125,19063
129,60,20,color-agents-by-decile,uniform-collection,UBI,400,1000,0.114701206619836,0,51.335625,20930
130,60,30,color-agents-by-decile,uniform-collection,UBI,400,1000,0.102471904515254,0,55.5452,22648
131,60,40,color-agents-by-decile,uniform-collection,UBI,400,1000,0.0898155948589745,0,60.884675,24367
132,60,50,color-agents-by-decile,uniform-collection,UBI,400,1000,0.0821212434923951,0,66.5775,26906
133,60,60,color-agents-by-decile,uniform-collection,UBI,400,0,0.0898155948589745,0,60.884675,24367
134,60,70,color-agents-by-decile,uniform-collection,UBI,400,0,0.0898155948589745,0,60.884675,24367
135,60,80,color-agents-by-decile,uniform-collection,UBI,400,0,0.0898155948589745,0,60.884675,24367
136,60,90,color-agents-by-decile,uniform-collection,UBI,400,0,0.0898155948589745,0,60.884675,24367
137,60,100,color-agents-by-decile,uniform-collection,UBI,400,0,0.0898155948589745,0,60.884675,24367
138,60,110,color-agents-by-decile,uniform-collection,UBI,400,0,0.0898155948589745,0,60.884675,24367
139,60,120,color-agents-by-decile,uniform-collection,UBI,400,0,0.0898155948589745,0,60.884675,24367
140,60,130,color-agents-by-decile,uniform-collection,UBI,400,0,0.0898155948589745,0,60.884675,24367
141,60,140,color-agents-by-decile,uniform-collection,UBI,400,0,0.0898155948589745,0,60.884675,24367
142,60,150,color-agents-by-decile,uniform-collection,UBI,400,0,0.0898155948589745,0,60.884675,24367
143,60,160,color-agents-by-decile,uniform-collection,UBI,400,0,0.0898155948589745,0,60.884675,24367
144,60,170,color-agents-by-decile,uniform-collection,UBI,400,0,0.0898155948589745,0,60.884675,24367
145,60,180,color-agents-by-decile,uniform-collection,UBI,400,0,0.0898155948589745,0,60.884675,24367
146,60,190,color-agents-by-decile,uniform-collection,UBI,400,0,0.0898155948589745,0,60.884675,24367
147,60,200,color-agents-by-decile,uniform-collection,UBI,400,0,0.0898155948589745,0,60.884675,24367
148,70,0,color-agents-by-decile,uniform-collection,UBI,400,1000,0.135721894627577,5,49.544275,19110
149,70,10,color-agents-by-decile,uniform-collection,UBI,400,1000,0.117187869045053,0,51.49005,21178
150,70,20,color-agents-by-decile,uniform-collection,UBI,400,1000,0.101279007762786,0,58.5887,23117
151,70,30,color-agents-by-decile,uniform-collection,UBI,400,1000,0.0934432341373658,0,60.764475,23894
152,70,40,color-agents-by-decile,uniform-collection,UBI,400,1000,0.083974453268878,0,66.8297,26638
153,70,50,color-agents-by-decile,uniform-collection,UBI,400,1000,0.0775989089243658,0,73.897125,29335
154,70,60,color-agents-by-decile,uniform-collection,UBI,400,1000,0.0732639734430147,0,78.739575,31629
155,70,70,color-agents-by-decile,uniform-collection,UBI,400,0,0.0775989089243658,0,73.897125,29335
156,70,80,color-agents-by-decile,uniform-collection,UBI,400,0,0.0775989089243658,0,73.897125,29335
157,70,90,color-agents-by-decile,uniform-collection,UBI,400,0,0.0775989089243658,0,73.897125,29335
158,70,100,color-agents-by-decile,uniform-collection,UBI,400,0,0.0775989089243658,0,73.897125,29335
159,70,110,color-agents-by-decile,uniform-collection,UBI,400,0,0.0775989089243658,0,73.897125,29335
160,70,120,color-agents-by-decile,uniform-collection,UBI,400,0,0.0775989089243658,0,73.897125,29335
161,70,130,color-agents-by-decile,uniform-collection,UBI,400,0,0.0775989089243658,0,73.897125,29335
162,70,140,color-agents-by-decile,uniform-collection,UBI,400,0,0.0775989089243658,0,73.897125,29335
163,70,150,color-agents-by-decile,uniform-collection,UBI,400,0,0.0775989089243658,0,73.897125,29335
164,70,160,color-agents-by-decile,uniform-collection,UBI,400,0,0.0775989089243658,0,73.897125,29335
165,70,170,color-agents-by-decile,uniform-collection,UBI,400,0,0.0775989089243658,0,73.897125,29335
166,70,180,color-agents-by-decile,uniform-collection,UBI,400,0,0.0775989089243658,0,73.897125,29335
167,70,190,color-agents-by-decile,uniform-collection,UBI,400,0,0.0775989089243658,0,73.897125,29335
168,70,200,color-agents-by-decile,uniform-collection,UBI,400,0,0.0775989089243658,0,73.897125,29335
169,80,0,color-agents-by-decile,uniform-collection,UBI,400,1000,0.127115337143277,4,51.870225,20516
170,80,10,color-agents-by-decile,uniform-collection,UBI,400,1000,0.107233057317512,0,59.11335,23369
171,80,20,color-agents-by-decile,uniform-collection,UBI,400,1000,0.0999296545304066,0,65.3592,24342
172,80,30,color-agents-by-decile,uniform-collection,UBI,400,1000,0.0884054713944158,0,67.805025,27164
173,80,40,color-agents-by-decile,uniform-collection,UBI,400,1000,0.0833195005437292,0,70.255375,28811
174,80,50,color-agents-by-decile,uniform-collection,UBI,400,1000,0.0735142618549656,0,78.46665,30878
175,80,60,color-agents-by-decile,uniform-collection,UBI,400,1000,0.0702261064777053,0,80.195975,33200
176,80,70,color-agents-by-decile,uniform-collection,UBI,400,1000,0.0650939664035508,0,87.11955,34106
177,80,80,color-agents-by-decile,uniform-collection,UBI,400,0,0.0702261064777053,0,80.195975,33200
178,80,90,color-agents-by-decile,uniform-collection,UBI,400,0,0.0702261064777053,0,80.195975,33200
179,80,100,color-agents-by-decile,uniform-collection,UBI,400,0,0.0702261064777053,0,80.195975,33200
180,80,110,color-agents-by-decile,uniform-collection,UBI,400,0,0.0702261064777053,0,80.195975,33200
181,80,120,color-agents-by-decile,uniform-collection,UBI,400,0,0.0702261064777053,0,80.195975,33200
182,80,130,color-agents-by-decile,uniform-collection,UBI,400,0,0.0702261064777053,0,80.195975,33200
183,80,140,color-agents-by-decile,uniform-collection,UBI,400,0,0.0702261064777053,0,80.195975,33200
184,80,150,color-agents-by-decile,uniform-collection,UBI,400,0,0.0702261064777053,0,80.195975,33200
185,80,160,color-agents-by-decile,uniform-collection,UBI,400,0,0.0702261064777053,0,80.195975,33200
186,80,170,color-agents-by-decile,uniform-collection,UBI,400,0,0.0702261064777053,0,80.195975,33200
187,80,180,color-agents-by-decile,uniform-collection,UBI,400,0,0.0702261064777053,0,80.195975,33200
188,80,190,color-agents-by-decile,uniform-collection,UBI,400,0,0.0702261064777053,0,80.195975,33200
189,80,200,color-agents-by-decile,uniform-collection,UBI,400,0,0.0702261064777053,0,80.195975,33200
190,90,0,color-agents-by-decile,uniform-collection,UBI,400,1000,0.134711803810475,5,53.103875,23197
191,90,10,color-agents-by-decile,uniform-collection,UBI,400,1000,0.110454191012591,0,59.79525,23335
192,90,20,color-agents-by-decile,uniform-collection,UBI,400,1000,0.0954827556580246,0,67.233325,27143
193,90,30,color-agents-by-decile,uniform-collection,UBI,400,1000,0.0877497111396251,0,72.620875,30272
194,90,40,color-agents-by-decile,uniform-collection,UBI,400,1000,0.078100255057982,0,79.307175,31726
195,90,50,color-agents-by-decile,uniform-collection,UBI,400,1000,0.0717289389775693,0,81.08365,31958
196,90,60,color-agents-by-decile,uniform-collection,UBI,400,1000,0.0683594889854513,0,86.42435,35286
197,90,70,color-agents-by-decile,uniform-collection,UBI,400,1000,0.0620182590797009,0,91.802425,37922
198,90,80,color-agents-by-decile,uniform-collection,UBI,400,1000,0.0578695850704619,0,97.74585,38732
199,90,90,color-agents-by-decile,uniform-collection,UBI,400,0,0.0620182590797009,0,91.802425,37922
200,90,100,color-agents-by-decile,uniform-collection,UBI,400,0,0.0620182590797009,0,91.802425,37922
201,90,110,color-agents-by-decile,uniform-collection,UBI,400,0,0.0620182590797009,0,91.802425,37922
202,90,120,color-agents-by-decile,uniform-collection,UBI,400,0,0.0620182590797009,0,91.802425,37922
203,90,130,color-agents-by-decile,uniform-collection,UBI,400,0,0.0620182590797009,0,91.802425,37922
204,90,140,color-agents-by-decile,uniform-collection,UBI,400,0,0.0620182590797009,0,91.802425,37922
205,90,150,color-agents-by-decile,uniform-collection,UBI,400,0,0.0620182590797009,0,91.802425,37922
206,90,160,color-agents-by-decile,uniform-collection,UBI,400,0,0.0620182590797009,0,91.802425,37922
207,90,170,color-agents-by-decile,uniform-collection,UBI,400,0,0.0620182590797009,0,91.802425,37922
208,90,180,color-agents-by-decile,uniform-collection,UBI,400,0,0.0620182590797009,0,91.802425,37922
209,90,190,color-agents-by-decile,uniform-collection,UBI,400,0,0.0620182590797009,0,91.802425,37922
210,90,200,color-agents-by-decile,uniform-collection,UBI,400,0,0.0620182590797009,0,91.802425,37922
211,100,0,color-agents-by-decile,uniform-collection,UBI,400,1000,0.118888131439457,6,62.3149,24433
212,100,10,color-agents-by-decile,uniform-collection,UBI,400,1000,0.103959173749182,0,64.9173,27473
213,100,20,color-agents-by-decile,uniform-collection,UBI,400,1000,0.0913469682504523,0,71.012225,29257
214,100,30,color-agents-by-decile,uniform-collection,UBI,400,1000,0.0841467839849243,0,77.39155,30488
215,100,40,color-agents-by-decile,uniform-collection,UBI,400,1000,0.074968201205505,0,82.10445,33258
216,100,50,color-agents-by-decile,uniform-collection,UBI,400,1000,0.0682067857729188,0,88.67865,35832
217,100,60,color-agents-by-decile,uniform-collection,UBI,400,1000,0.065766297959549,0,91.983475,36485
218,100,70,color-agents-by-decile,uniform-collection,UBI,400,1000,0.0611608338156921,0,95.1336,39389
219,100,80,color-agents-by-decile,uniform-collection,UBI,400,1000,0.0552084657395022,0,96.676,39265
220,100,90,color-agents-by-decile,uniform-collection,UBI,400,1000,0.051633025502872,0,108.0124,42911
221,100,100,color-agents-by-decile,uniform-collection,UBI,400,0,0.0552084657395022,0,96.676,39265
222,100,110,color-agents-by-decile,uniform-collection,UBI,400,0,0.0552084657395022,0,96.676,39265
223,100,120,color-agents-by-decile,uniform-collection,UBI,400,0,0.0552084657395022,0,96.676,39265
224,100,130,color-agents-by-decile,uniform-collection,UBI,400,0,0.0552084657395022,0,96.676,39265
225,100,140,color-agents-by-decile,uniform-collection,UBI,400,0,0.0552084657395022,0,96.676,39265
226,100,150,color-agents-by-decile,uniform-collection,UBI,400,0,0.0552084657395022,0,96.676,39265
227,100,160,color-agents-by-decile,uniform-collection,UBI,400,0,0.0552084657395022,0,96.676,39265
228,100,170,color-agents-by-decile,uniform-collection,UBI,400,0,0.0552084657395022,0,96.676,39265
229,100,180,color-agents-by-decile,uniform-collection,UBI,400,0,0.0552084657395022,0,96.676,39265
230,100,190,color-agents-by-decile,uniform-collection,UBI,400,0,0.0552084657395022,0,96.676,39265
231,100,200,color-agents-by-decile,uniform-collection,UBI,400,0,0.0552084657395022,0,96.676,39265
232,110,0,color-agents-by-decile,uniform-collection,UBI,400,1000,0.108398748602556,4,67.7669,27948
233,110,10,color-agents-by-decile,uniform-collection,UBI,400,1000,0.0963704794602625,0,73.09375,29822
234,110,20,color-agents-by-decile,uniform-collection,UBI,400,1000,0.0890044216457016,0,76.87115,31969
235,110,30,color-agents-by-decile,uniform-collection,UBI,400,1000,0.0812887208917801,0,84.586225,33266
236,110,40,color-agents-by-decile,uniform-collection,UBI,400,1000,0.0738284212681218,0,88.06775,33568
237,110,50,color-agents-by-decile,uniform-collection,UBI,400,1000,0.0681766774902758,0,90.796325,35689
238,110,60,color-agents-by-decile,uniform-collection,UBI,400,1000,0.06365574557415,0,94.93935,37301
239,110,70,color-agents-by-decile,uniform-collection,UBI,400,1000,0.0579962096884524,0,100.548025,40363
240,110,80,color-agents-by-decile,uniform-collection,UBI,400,1000,0.0524044534914212,0,109.053225,43712
241,110,90,color-agents-by-decile,uniform-collection,UBI,400,1000,0.0490668659165351,0,111.280525,45141
242,110,100,color-agents-by-decile,uniform-collection,UBI,400,1000,0.0476618821070326,0,119.188975,47248
243,110,110,color-agents-by-decile,uniform-collection,UBI,400,0,0.0490668659165351,0,111.280525,45141
244,110,120,color-agents-by-decile,uniform-collection,UBI,400,0,0.0490668659165351,0,111.280525,45141
245,110,130,color-agents-by-decile,uniform-collection,UBI,400,0,0.0490668659165351,0,111.280525,45141
246,110,140,color-agents-by-decile,uniform-collection,UBI,400,0,0.0490668659165351,0,111.280525,45141
247,110,150,color-agents-by-decile,uniform-collection,UBI,400,0,0.0490668659165351,0,111.280525,45141
248,110,160,color-agents-by-decile,uniform-collection,UBI,400,0,0.0490668659165351,0,111.280525,45141
249,110,170,color-agents-by-decile,uniform-collection,UBI,400,0,0.0490668659165351,0,111.280525,45141
250,110,180,color-agents-by-decile,uniform-collection,UBI,400,0,0.0490668659165351,0,111.280525,45141
251,110,190,color-agents-by-decile,uniform-collection,UBI,400,0,0.0490668659165351,0,111.280525,45141
252,110,200,color-agents-by-decile,uniform-collection,UBI,400,0,0.0490668659165351,0,111.280525,45141
253,120,0,color-agents-by-decile,uniform-collection,UBI,400,1000,0.107584124513888,6,69.219475,28252
254,120,10,color-agents-by-decile,uniform-collection,UBI,400,1000,0.101443880528028,0,76.62615,30100
255,120,20,color-agents-by-decile,uniform-collection,UBI,400,1000,0.0850186836732875,0,83.020175,33302
256,120,30,color-agents-by-decile,uniform-collection,UBI,400,1000,0.0783718234111249,0,88.1981,34553
257,120,40,color-agents-by-decile,uniform-collection,UBI,400,1000,0.0731395540195061,0,89.125025,34939
258,120,50,color-agents-by-decile,uniform-collection,UBI,400,1000,0.0673584565739477,0,97.400075,40257
259,120,60,color-agents-by-decile,uniform-collection,UBI,400,1000,0.0597162129143554,0,100.99095,41793
260,120,70,color-agents-by-decile,uniform-collection,UBI,400,1000,0.056646878988629,0,106.051325,41226
261,120,80,color-agents-by-decile,uniform-collection,UBI,400,1000,0.0522565445433941,0,113.414775,44937
262,120,90,color-agents-by-decile,uniform-collection,UBI,400,1000,0.0492218696782204,0,119.06285,46633
263,120,100,color-agents-by-decile,uniform-collection,UBI,400,1000,0.0468019751439419,0,127.13425,51068
264,120,110,color-agents-by-decile,uniform-collection,UBI,400,1000,0.0417496462185612,0,128.0822,51447
265,120,120,color-agents-by-decile,uniform-collection,UBI,400,0,0.0468019751439419,0,127.13425,51068
266,120,130,color-agents-by-decile,uniform-collection,UBI,400,0,0.0468019751439419,0,127.13425,51068
267,120,140,color-agents-by-decile,uniform-collection,UBI,400,0,0.0468019751439419,0,127.13425,51068
268,120,150,color-agents-by-decile,uniform-collection,UBI,400,0,0.0468019751439419,0,127.13425,51068
269,120,160,color-agents-by-decile,uniform-collection,UBI,400,0,0.0468019751439419,0,127.13425,51068
270,120,170,color-agents-by-decile,uniform-collection,UBI,400,0,0.0468019751439419,0,127.13425,51068
271,120,180,color-agents-by-decile,uniform-collection,UBI,400,0,0.0468019751439419,0,127.13425,51068
272,120,190,color-agents-by-decile,uniform-collection,UBI,400,0,0.0468019751439419,0,127.13425,51068
273,120,200,color-agents-by-decile,uniform-collection,UBI,400,0,0.0468019751439419,0,127.13425,51068
274,130,0,color-agents-by-decile,uniform-collection,UBI,400,1000,0.101014921041926,2,78.821325,31454
275,130,10,color-agents-by-decile,uniform-collection,UBI,400,1000,0.0877644705942314,0,88.1491,36327
276,130,20,color-agents-by-decile,uniform-collection,UBI,400,1000,0.0843868929429275,0,89.772525,33753
277,130,30,color-agents-by-decile,uniform-collection,UBI,400,1000,0.0791374688846046,0,88.9233,36165
278,130,40,color-agents-by-decile,uniform-collection,UBI,400,1000,0.0714385221208572,0,96.939075,38121
279,130,50,color-agents-by-decile,uniform-collection,UBI,400,1000,0.0664464783389366,0,103.72135,40071
280,130,60,color-agents-by-decile,uniform-collection,UBI,400,1000,0.0603997022641058,0,107.419575,42346
281,130,70,color-agents-by-decile,uniform-collection,UBI,400,1000,0.0549083637218113,0,113.137075,45208
282,130,80,color-agents-by-decile,uniform-collection,UBI,400,1000,0.0508709791256855,0,118.648825,46819
283,130,90,color-agents-by-decile,uniform-collection,UBI,400,1000,0.046960610980037,0,124.824375,50641
284,130,100,color-agents-by-decile,uniform-collection,UBI,400,1000,0.044564555006234,0,127.8052,51356
285,130,110,color-agents-by-decile,uniform-collection,UBI,400,1000,0.0423297654629746,0,131.8889,53033
286,130,120,color-agents-by-decile,uniform-collection,UBI,400,1000,0.0412223309948499,0,135.813525,55098
287,130,130,color-agents-by-decile,uniform-collection,UBI,400,0,0.0423297654629746,0,131.8889,53033
288,130,140,color-agents-by-decile,uniform-collection,UBI,400,0,0.0423297654629746,0,131.8889,53033
289,130,150,color-agents-by-decile,uniform-collection,UBI,400,0,0.0423297654629746,0,131.8889,53033
290,130,160,color-agents-by-decile,uniform-collection,UBI,400,0,0.0423297654629746,0,131.8889,53033
291,130,170,color-agents-by-decile,uniform-collection,UBI,400,0,0.0423297654629746,0,131.8889,53033
292,130,180,color-agents-by-decile,uniform-collection,UBI,400,0,0.0423297654629746,0,131.8889,53033
293,130,190,color-agents-by-decile,uniform-collection,UBI,400,0,0.0423297654629746,0,131.8889,53033
294,130,200,color-agents-by-decile,uniform-collection,UBI,400,0,0.0423297654629746,0,131.8889,53033
295,140,0,color-agents-by-decile,uniform-collection,UBI,400,1000,0.0977275683782533,3,85.3434,32235
296,140,10,color-agents-by-decile,uniform-collection,UBI,400,1000,0.0898661993639047,0,88.05915,35477
297,140,20,color-agents-by-decile,uniform-collection,UBI,400,1000,0.0828401619375831,0,92.7703,37370
298,140,30,color-agents-by-decile,uniform-collection,UBI,400,1000,0.0813766698943304,0,91.3167,36952
299,140,40,color-agents-by-decile,uniform-collection,UBI,400,1000,0.0706409337000739,0,98.96085,41232
300,140,50,color-agents-by-decile,uniform-collection,UBI,400,1000,0.0639407141622002,0,108.46145,43410
301,140,60,color-agents-by-decile,uniform-collection,UBI,400,1000,0.0584901337801744,0,110.95905,44716
302,140,70,color-agents-by-decile,uniform-collection,UBI,400,1000,0.056997522639683,0,113.450975,43981
303,140,80,color-agents-by-decile,uniform-collection,UBI,400,1000,0.0511848174502666,0,127.145375,48838
304,140,90,color-agents-by-decile,uniform-collection,UBI,400,1000,0.0460612821988731,0,128.314975,51716
305,140,100,color-agents-by-decile,uniform-collection,UBI,400,1000,0.0444677687219502,0,133.90905,54235
306,140,110,color-agents-by-decile,uniform-collection,UBI,400,1000,0.0402130733624352,0,140.122525,56830
307,140,120,color-agents-by-decile,uniform-collection,UBI,400,1000,0.0405852407221899,0,144.39195,56993
308,140,130,color-agents-by-decile,uniform-collection,UBI,400,1000,0.0375860927079583,0,147.63745,57330
309,140,140,color-agents-by-decile,uniform-collection,UBI,400,0,0.0405852407221899,0,144.39195,56993
310,140,150,color-agents-by-decile,uniform-collection,UBI,400,0,0.0405852407221899,0,144.39195,56993
311,140,160,color-agents-by-decile,uniform-collection,UBI,400,0,0.0405852407221899,0,144.39195,56993
312,140,170,color-agents-by-decile,uniform-collection,UBI,400,0,0.0405852407221899,0,144.39195,56993
313,140,180,color-agents-by-decile,uniform-collection,UBI,400,0,0.0405852407221899,0,144.39195,56993
314,140,190,color-agents-by-decile,uniform-collection,UBI,400,0,0.0405852407221899,0,144.39195,56993
315,140,200,color-agents-by-decile,uniform-collection,UBI,400,0,0.0405852407221899,0,144.39195,56993
316,150,0,color-agents-by-decile,uniform-collection,UBI,400,1000,0.0953494399371566,3,89.881825,35898
317,150,10,color-agents-by-decile,uniform-collection,UBI,400,1000,0.0896052509196367,0,96.198525,37627
318,150,20,color-agents-by-decile,uniform-collection,UBI,400,1000,0.0804959905196446,0,97.660075,38286
319,150,30,color-agents-by-decile,uniform-collection,UBI,400,1000,0.0741226807287158,0,104.8277,41154
320,150,40,color-agents-by-decile,uniform-collection,UBI,400,1000,0.0721032457289243,0,104.808025,40302
321,150,50,color-agents-by-decile,uniform-collection,UBI,400,1000,0.0639461297771529,0,113.547075,45163
322,150,60,color-agents-by-decile,uniform-collection,UBI,400,1000,0.0594592018077705,0,119.844,47610
323,150,70,color-agents-by-decile,uniform-collection,UBI,400,1000,0.0551786593902409,0,121.941125,49332
324,150,80,color-agents-by-decile,uniform-collection,UBI,400,1000,0.0506250097637835,0,125.361325,49946
325,150,90,color-agents-by-decile,uniform-collection,UBI,400,1000,0.0475791248082911,0,131.61115,53196
326,150,100,color-agents-by-decile,uniform-collection,UBI,400,1000,0.0432905568314065,0,137.581775,54982
327,150,110,color-agents-by-decile,uniform-collection,UBI,400,1000,0.0414335632875284,0,139.980025,55453
328,150,120,color-agents-by-decile,uniform-collection,UBI,400,1000,0.0381754420710654,0,148.203575,59177
329,150,130,color-agents-by-decile,uniform-collection,UBI,400,1000,0.036870003912571,0,152.4378,60713
330,150,140,color-agents-by-decile,uniform-collection,UBI,400,1000,0.0351458932503682,0,157.88255,62649
331,150,150,color-agents-by-decile,uniform-collection,UBI,400,0,0.036870003912571,0,152.4378,60713
332,150,160,color-agents-by-decile,uniform-collection,UBI,400,0,0.036870003912571,0,152.4378,60713
333,150,170,color-agents-by-decile,uniform-collection,UBI,400,0,0.036870003912571,0,152.4378,60713
334,150,180,color-agents-by-decile,uniform-collection,UBI,400,0,0.036870003912571,0,152.4378,60713
335,150,190,color-agents-by-decile,uniform-collection,UBI,400,0,0.036870003912571,0,152.4378,60713
336,150,200,color-agents-by-decile,uniform-collection,UBI,400,0,0.036870003912571,0,152.4378,60713
337,160,0,color-agents-by-decile,uniform-collection,UBI,400,1000,0.0984179997909499,4,90.64035,36004
338,160,10,color-agents-by-decile,uniform-collection,UBI,400,1000,0.0907683344959169,0,93.57825,37778
339,160,20,color-agents-by-decile,uniform-collection,UBI,400,1000,0.0799560598239321,0,101.5514,40909
340,160,30,color-agents-by-decile,uniform-collection,UBI,400,1000,0.073509614915969,0,108.0997,40776
341,160,40,color-agents-by-decile,uniform-collection,UBI,400,1000,0.0687567142766127,0,112.286025,44167
342,160,50,color-agents-by-decile,uniform-collection,UBI,400,1000,0.0650968700784342,0,120.608425,47225
343,160,60,color-agents-by-decile,uniform-collection,UBI,400,1000,0.0589983313676385,0,119.7734,47974
344,160,70,color-agents-by-decile,uniform-collection,UBI,400,1000,0.0557650930897533,0,126.579075,49644
345,160,80,color-agents-by-decile,uniform-collection,UBI,400,1000,0.0495142805378397,0,129.8606,52464
346,160,90,color-agents-by-decile,uniform-collection,UBI,400,1000,0.0470771629427576,0,137.365925,54973
347,160,100,color-agents-by-decile,uniform-collection,UBI,400,1000,0.0443892662310474,0,140.583375,56854
348,160,110,color-agents-by-decile,uniform-collection,UBI,400,1000,0.0409223737116704,0,146.7462,57259
349,160,120,color-agents-by-decile,uniform-collection,UBI,400,1000,0.0397103870365777,0,152.169675,60677
350,160,130,color-agents-by-decile,uniform-collection,UBI,400,1000,0.0369556498909643,0,157.695275,63637
351,160,140,color-agents-by-decile,uniform-collection,UBI,400,1000,0.0350035206285081,0,163.7218,66049
352,160,150,color-agents-by-decile,uniform-collection,UBI,400,1000,0.0335067712054551,0,166.760925,67404
353,160,160,color-agents-by-decile,uniform-collection,UBI,400,0,0.0350035206285081,0,163.7218,66049
354,160,170,color-agents-by-decile,uniform-collection,UBI,400,0,0.0350035206285081,0,163.7218,66049
355,160,180,color-agents-by-decile,uniform-collection,UBI,400,0,0.0350035206285081,0,163.7218,66049
356,160,190,color-agents-by-decile,uniform-collection,UBI,400,0,0.0350035206285081,0,163.7218,66049
357,160,200,color-agents-by-decile,uniform-collection,UBI,400,0,0.0350035206285081,0,163.7218,66049
358,170,0,color-agents-by-decile,uniform-collection,UBI,400,1000,0.0951328337088388,3,97.91405,39164
359,170,10,color-agents-by-decile,uniform-collection,UBI,400,1000,0.0850083819243567,0,104.2222,41409
360,170,20,color-agents-by-decile,uniform-collection,UBI,400,1000,0.0801348047346548,0,108.79645,42040
361,170,30,color-agents-by-decile,uniform-collection,UBI,400,1000,0.0740200764258244,0,111.850625,45307
362,170,40,color-agents-by-decile,uniform-collection,UBI,400,1000,0.0686216081170263,0,117.93135,46518
363,170,50,color-agents-by-decile,uniform-collection,UBI,400,1000,0.0621210948127052,0,123.778875,51169
364,170,60,color-agents-by-decile,uniform-collection,UBI,400,1000,0.0581668569533027,0,130.466325,51879
365,170,70,color-agents-by-decile,uniform-collection,UBI,400,1000,0.054506684750664,0,131.5148,52853
366,170,80,color-agents-by-decile,uniform-collection,UBI,400,1000,0.0510987979888127,0,139.053825,55550
367,170,90,color-agents-by-decile,uniform-collection,UBI,400,1000,0.046664580488393,0,141.8807,56960
368,170,100,color-agents-by-decile,uniform-collection,UBI,400,1000,0.0439705148776073,0,147.339375,58969
369,170,110,color-agents-by-decile,uniform-collection,UBI,400,1000,0.0405505742087085,0,155.13405,62108
370,170,120,color-agents-by-decile,uniform-collection,UBI,400,1000,0.038681443770772,0,157.546225,62875
371,170,130,color-agents-by-decile,uniform-collection,UBI,400,1000,0.0368755397809043,0,159.820375,63858
372,170,140,color-agents-by-decile,uniform-collection,UBI,400,1000,0.0348179777025001,0,165.23855,64255
373,170,150,color-agents-by-decile,uniform-collection,UBI,400,1000,0.0325457513021331,0,171.92745,68141
374,170,160,color-agents-by-decile,uniform-collection,UBI,400,1000,0.0319032139379193,0,177.5889,71407
375,170,170,color-agents-by-decile,uniform-collection,UBI,400,0,0.0325457513021331,0,171.92745,68141
376,170,180,color-agents-by-decile,uniform-collection,UBI,400,0,0.0325457513021331,0,171.92745,68141
377,170,190,color-agents-by-decile,uniform-collection,UBI,400,0,0.0325457513021331,0,171.92745,68141
378,170,200,color-agents-by-decile,uniform-collection,UBI,400,0,0.0325457513021331,0,171.92745,68141
379,180,0,color-agents-by-decile,uniform-collection,UBI,400,1000,0.0923849832387344,3,100.777925,42032
380,180,10,color-agents-by-decile,uniform-collection,UBI,400,1000,0.0877531156179706,0,105.33305,41858
381,180,20,color-agents-by-decile,uniform-collection,UBI,400,1000,0.0791825999773186,0,108.0554,42793
382,180,30,color-agents-by-decile,uniform-collection,UBI,400,1000,0.0721576107899765,0,117.608675,46632
383,180,40,color-agents-by-decile,uniform-collection,UBI,400,1000,0.0668171542459904,0,123.49505,50706
384,180,50,color-agents-by-decile,uniform-collection,UBI,400,1000,0.0634523145829898,0,127.9534,51376
385,180,60,color-agents-by-decile,uniform-collection,UBI,400,1000,0.0598514056687903,0,129.030025,52457
386,180,70,color-agents-by-decile,uniform-collection,UBI,400,1000,0.0552129680215636,0,136.4651,54263
387,180,80,color-agents-by-decile,uniform-collection,UBI,400,1000,0.0493571641452408,0,142.234875,57065
388,180,90,color-agents-by-decile,uniform-collection,UBI,400,1000,0.0471741405962969,0,149.117025,59398
389,180,100,color-agents-by-decile,uniform-collection,UBI,400,1000,0.0439259198657207,0,151.40175,59395
390,180,110,color-agents-by-decile,uniform-collection,UBI,400,1000,0.0408738137949591,0,158.2825,63194
391,180,120,color-agents-by-decile,uniform-collection,UBI,400,1000,0.0382891215523293,0,161.04645,65017
392,180,130,color-agents-by-decile,uniform-collection,UBI,400,1000,0.0372554320369213,0,168.1394,68843
393,180,140,color-agents-by-decile,uniform-collection,UBI,400,1000,0.0353892505857742,0,172.7979,68119
394,180,150,color-agents-by-decile,uniform-collection,UBI,400,1000,0.0323628157921895,0,177.756125,69276
395,180,160,color-agents-by-decile,uniform-collection,UBI,400,1000,0.0312691082552278,0,181.727075,71846
396,180,170,color-agents-by-decile,uniform-collection,UBI,400,1000,0.0305956881220159,0,190.398875,75665
397,180,180,color-agents-by-decile,uniform-collection,UBI,400,0,0.0312691082552278,0,181.727075,71846
398,180,190,color-agents-by-decile,uniform-collection,UBI,400,0,0.0312691082552278,0,181.727075,71846
399,180,200,color-agents-by-decile,uniform-collection,UBI,400,0,0.0312691082552278,0,181.727075,71846
400,190,0,color-agents-by-decile,uniform-collection,UBI,400,1000,0.0917048094152052,2,106.446025,42717
401,190,10,color-agents-by-decile,uniform-collection,UBI,400,1000,0.0858519998324795,0,111.858975,44033
402,190,20,color-agents-by-decile,uniform-collection,UBI,400,1000,0.0764486893442782,0,119.2178,47978
403,190,30,color-agents-by-decile,uniform-collection,UBI,400,1000,0.0741534692682459,0,121.94255,48677
404,190,40,color-agents-by-decile,uniform-collection,UBI,400,1000,0.0659817411830562,0,128.9118,52489
405,190,50,color-agents-by-decile,uniform-collection,UBI,400,1000,0.0632286368112649,0,131.331875,52816
406,190,60,color-agents-by-decile,uniform-collection,UBI,400,1000,0.0616914683353828,0,134.79735,55123
407,190,70,color-agents-by-decile,uniform-collection,UBI,400,1000,0.0542869340009163,0,140.03335,55401
408,190,80,color-agents-by-decile,uniform-collection,UBI,400,1000,0.0508908681748933,0,149.6416,59843
409,190,90,color-agents-by-decile,uniform-collection,UBI,400,1000,0.0480759838655408,0,149.76635,59529
410,190,100,color-agents-by-decile,uniform-collection,UBI,400,1000,0.045576964817166,0,156.08745,60820
411,190,110,color-agents-by-decile,uniform-collection,UBI,400,1000,0.0409544298523766,0,161.859975,64831
412,190,120,color-agents-by-decile,uniform-collection,UBI,400,1000,0.0389086383255815,0,167.214025,67644
413,190,130,color-agents-by-decile,uniform-collection,UBI,400,1000,0.0362890404157313,0,169.650575,68948
414,190,140,color-agents-by-decile,uniform-collection,UBI,400,1000,0.0347212918508414,0,178.994925,71068
415,190,150,color-agents-by-decile,uniform-collection,UBI,400,1000,0.0325002893955058,0,182.6339,74596
416,190,160,color-agents-by-decile,uniform-collection,UBI,400,1000,0.0308768334317393,0,186.5699,74953
417,190,170,color-agents-by-decile,uniform-collection,UBI,400,1000,0.0289754834932321,0,192.24645,75784
418,190,180,color-agents-by-decile,uniform-collection,UBI,400,1000,0.0291663123902272,0,198.67645,79299
419,190,190,color-agents-by-decile,uniform-collection,UBI,400,0,0.0289754834932321,0,192.24645,75784
420,190,200,color-agents-by-decile,uniform-collection,UBI,400,0,0.0289754834932321,0,192.24645,75784
421,200,0,color-agents-by-decile,uniform-collection,UBI,400,1000,0.0888176769391474,0,114.226925,44986
422,200,10,color-agents-by-decile,uniform-collection,UBI,400,1000,0.0806454774049774,0,117.82085,44872
423,200,20,color-agents-by-decile,uniform-collection,UBI,400,1000,0.0794971070255399,0,120.8758,47098
424,200,30,color-agents-by-decile,uniform-collection,UBI,400,1000,0.0709296772112265,0,129.35445,52587
425,200,40,color-agents-by-decile,uniform-collection,UBI,400,1000,0.068141136653852,0,128.952425,51347
426,200,50,color-agents-by-decile,uniform-collection,UBI,400,1000,0.061478189607699,0,139.23325,54344
427,200,60,color-agents-by-decile,uniform-collection,UBI,400,1000,0.059083392598243,0,141.604225,55730
428,200,70,color-agents-by-decile,uniform-collection,UBI,400,1000,0.0535335406289572,0,147.621475,60377
429,200,80,color-agents-by-decile,uniform-collection,UBI,400,1000,0.0480784226296028,0,153.260075,61509
430,200,90,color-agents-by-decile,uniform-collection,UBI,400,1000,0.0478779976282248,0,157.4178,63564
431,200,100,color-agents-by-decile,uniform-collection,UBI,400,1000,0.0443940237660804,0,160.826825,63380
432,200,110,color-agents-by-decile,uniform-collection,UBI,400,1000,0.0409554919739242,0,169.592575,67998
433,200,120,color-agents-by-decile,uniform-collection,UBI,400,1000,0.0392986746484619,0,176.1065,70479
434,200,130,color-agents-by-decile,uniform-collection,UBI,400,1000,0.0363237357649862,0,177.3888,72735
435,200,140,color-agents-by-decile,uniform-collection,UBI,400,1000,0.034499459534692,0,181.882325,72828
436,200,150,color-agents-by-decile,uniform-collection,UBI,400,1000,0.0321815027871323,0,189.899925,75363
437,200,160,color-agents-by-decile,uniform-collection,UBI,400,1000,0.0313567633317289,0,193.788125,75817
438,200,170,color-agents-by-decile,uniform-collection,UBI,400,1000,0.0289164996725521,0,199.2815,79771
439,200,180,color-agents-by-decile,uniform-collection,UBI,400,1000,0.0288455835370614,0,203.068075,80980
440,200,190,color-agents-by-decile,uniform-collection,UBI,400,1000,0.0272233589559467,0,207.793875,83959
441,200,200,color-agents-by-decile,uniform-collection,UBI,400,0,0.0288455835370614,0,203.068075,80980
