[run number],maximum-sugar-endowment,minimum-sugar-endowment,visualization,taxation,redistribution,initial-population,[step],avg-gini,starvation,avg-productivity,total-wealth,avg-diff
1,0,0,color-agents-by-decile,linear-collection,UBI,400,0,0.0576198175540344,0,201.336925,80266,-4.86
2,0,10,color-agents-by-decile,linear-collection,UBI,400,0,0,0,0,0,0
3,0,20,color-agents-by-decile,linear-collection,UBI,400,0,0.0576198175540344,0,201.336925,80266,-4.86
4,0,30,color-agents-by-decile,linear-collection,UBI,400,0,0,0,0,0,0
5,0,40,color-agents-by-decile,linear-collection,UBI,400,0,0.0576198175540344,0,201.336925,80266,-4.86
6,0,50,color-agents-by-decile,linear-collection,UBI,400,0,0,0,0,0,0
7,0,60,color-agents-by-decile,linear-collection,UBI,400,0,0,0,0,0,0
8,0,70,color-agents-by-decile,linear-collection,UBI,400,0,0.0576198175540344,0,201.336925,80266,-4.86
9,0,80,color-agents-by-decile,linear-collection,UBI,400,0,0,0,0,0,0
10,0,90,color-agents-by-decile,linear-collection,UBI,400,0,0,0,0,0,0
11,0,100,color-agents-by-decile,linear-collection,UBI,400,0,0.0576198175540344,0,201.336925,80266,-4.86
12,0,110,color-agents-by-decile,linear-collection,UBI,400,0,0,0,0,0,0
13,0,120,color-agents-by-decile,linear-collection,UBI,400,0,0.0576198175540344,0,201.336925,80266,-4.86
14,0,130,color-agents-by-decile,linear-collection,UBI,400,0,0,0,0,0,0
15,0,140,color-agents-by-decile,linear-collection,UBI,400,0,0.0576198175540344,0,201.336925,80266,-4.86
16,0,150,color-agents-by-decile,linear-collection,UBI,400,0,0,0,0,0,0
17,0,160,color-agents-by-decile,linear-collection,UBI,400,0,0.0576198175540344,0,201.336925,80266,-4.86
18,0,170,color-agents-by-decile,linear-collection,UBI,400,0,0,0,0,0,0
19,0,180,color-agents-by-decile,linear-collection,UBI,400,0,0.0576198175540344,0,201.336925,80266,-4.86
20,0,190,color-agents-by-decile,linear-collection,UBI,400,0,0,0,0,0,0
21,0,200,color-agents-by-decile,linear-collection,UBI,400,0,0.0576198175540344,0,201.336925,80266,-4.86
22,10,0,color-agents-by-decile,linear-collection,UBI,400,1000,0.0329076191965117,172,20.8512,7112,0.065
23,10,10,color-agents-by-decile,linear-collection,UBI,400,0,0,0,0,0,0
24,10,20,color-agents-by-decile,linear-collection,UBI,400,0,0,0,0,0,0
25,10,30,color-agents-by-decile,linear-collection,UBI,400,0,0,0,0,0,0
26,10,40,color-agents-by-decile,linear-collection,UBI,400,0,0,0,0,0,0
27,10,50,color-agents-by-decile,linear-collection,UBI,400,0,0,0,0,0,0
28,10,60,color-agents-by-decile,linear-collection,UBI,400,0,0,0,0,0,0
29,10,70,color-agents-by-decile,linear-collection,UBI,400,0,0,0,0,0,0
30,10,80,color-agents-by-decile,linear-collection,UBI,400,0,0,0,0,0,0
31,10,90,color-agents-by-decile,linear-collection,UBI,400,0,0,0,0,0,0
32,10,100,color-agents-by-decile,linear-collection,UBI,400,0,0,0,0,0,0
33,10,110,color-agents-by-decile,linear-collection,UBI,400,0,0,0,0,0,0
34,10,120,color-agents-by-decile,linear-collection,UBI,400,0,0,0,0,0,0
35,10,130,color-agents-by-decile,linear-collection,UBI,400,0,0,0,0,0,0
36,10,140,color-agents-by-decile,linear-collection,UBI,400,0,0,0,0,0,0
37,10,150,color-agents-by-decile,linear-collection,UBI,400,0,0,0,0,0,0
38,10,160,color-agents-by-decile,linear-collection,UBI,400,0,0,0,0,0,0
39,10,170,color-agents-by-decile,linear-collection,UBI,400,0,0,0,0,0,0
40,10,180,color-agents-by-decile,linear-collection,UBI,400,0,0,0,0,0,0
41,10,190,color-agents-by-decile,linear-collection,UBI,400,0,0,0,0,0,0
42,10,200,color-agents-by-decile,linear-collection,UBI,400,0,0,0,0,0,0
43,20,0,color-agents-by-decile,linear-collection,UBI,400,1000,0.0265706052696829,50,25.747525,10897,0.08
44,20,10,color-agents-by-decile,linear-collection,UBI,400,1000,0.024807403271154,6,30.86065,12380,0.06
45,20,20,color-agents-by-decile,linear-collection,UBI,400,0,0.0329076191965117,172,20.8512,7112,0.065
46,20,30,color-agents-by-decile,linear-collection,UBI,400,0,0.0329076191965117,172,20.8512,7112,0.065
47,20,40,color-agents-by-decile,linear-collection,UBI,400,0,0.0329076191965117,172,20.8512,7112,0.065
48,20,50,color-agents-by-decile,linear-collection,UBI,400,0,0.0329076191965117,172,20.8512,7112,0.065
49,20,60,color-agents-by-decile,linear-collection,UBI,400,0,0.0329076191965117,172,20.8512,7112,0.065
50,20,70,color-agents-by-decile,linear-collection,UBI,400,0,0.0329076191965117,172,20.8512,7112,0.065
51,20,80,color-agents-by-decile,linear-collection,UBI,400,0,0.0329076191965117,172,20.8512,7112,0.065
52,20,90,color-agents-by-decile,linear-collection,UBI,400,0,0.0329076191965117,172,20.8512,7112,0.065
53,20,100,color-agents-by-decile,linear-collection,UBI,400,0,0.0329076191965117,172,20.8512,7112,0.065
54,20,110,color-agents-by-decile,linear-collection,UBI,400,0,0.0329076191965117,172,20.8512,7112,0.065
55,20,120,color-agents-by-decile,linear-collection,UBI,400,0,0.0329076191965117,172,20.8512,7112,0.065
56,20,130,color-agents-by-decile,linear-collection,UBI,400,0,0.0329076191965117,172,20.8512,7112,0.065
57,20,140,color-agents-by-decile,linear-collection,UBI,400,0,0.0329076191965117,172,20.8512,7112,0.065
58,20,150,color-agents-by-decile,linear-collection,UBI,400,0,0.0329076191965117,172,20.8512,7112,0.065
59,20,160,color-agents-by-decile,linear-collection,UBI,400,0,0.0329076191965117,172,20.8512,7112,0.065
60,20,170,color-agents-by-decile,linear-collection,UBI,400,0,0.0329076191965117,172,20.8512,7112,0.065
61,20,180,color-agents-by-decile,linear-collection,UBI,400,0,0.0329076191965117,172,20.8512,7112,0.065
62,20,190,color-agents-by-decile,linear-collection,UBI,400,0,0.0329076191965117,172,20.8512,7112,0.065
63,20,200,color-agents-by-decile,linear-collection,UBI,400,0,0.0329076191965117,172,20.8512,7112,0.065
64,30,0,color-agents-by-decile,linear-collection,UBI,400,1000,0.0287005260320011,26,31.358125,13022,0.135
65,30,10,color-agents-by-decile,linear-collection,UBI,400,1000,0.0225791516490669,0,34.459825,14916,0.095
66,30,20,color-agents-by-decile,linear-collection,UBI,400,1000,0.0230594937374354,0,42.797575,16169,0.13
67,30,30,color-agents-by-decile,linear-collection,UBI,400,0,0.0225791516490669,0,34.459825,14916,0.095
68,30,40,color-agents-by-decile,linear-collection,UBI,400,0,0.0225791516490669,0,34.459825,14916,0.095
69,30,50,color-agents-by-decile,linear-collection,UBI,400,0,0.0225791516490669,0,34.459825,14916,0.095
70,30,60,color-agents-by-decile,linear-collection,UBI,400,0,0.0225791516490669,0,34.459825,14916,0.095
71,30,70,color-agents-by-decile,linear-collection,UBI,400,0,0.0225791516490669,0,34.459825,14916,0.095
72,30,80,color-agents-by-decile,linear-collection,UBI,400,0,0.0225791516490669,0,34.459825,14916,0.095
73,30,90,color-agents-by-decile,linear-collection,UBI,400,0,0.0225791516490669,0,34.459825,14916,0.095
74,30,100,color-agents-by-decile,linear-collection,UBI,400,0,0.0225791516490669,0,34.459825,14916,0.095
75,30,110,color-agents-by-decile,linear-collection,UBI,400,0,0.0225791516490669,0,34.459825,14916,0.095
76,30,120,color-agents-by-decile,linear-collection,UBI,400,0,0.0225791516490669,0,34.459825,14916,0.095
77,30,130,color-agents-by-decile,linear-collection,UBI,400,0,0.0225791516490669,0,34.459825,14916,0.095
78,30,140,color-agents-by-decile,linear-collection,UBI,400,0,0.0225791516490669,0,34.459825,14916,0.095
79,30,150,color-agents-by-decile,linear-collection,UBI,400,0,0.0225791516490669,0,34.459825,14916,0.095
80,30,160,color-agents-by-decile,linear-collection,UBI,400,0,0.0225791516490669,0,34.459825,14916,0.095
81,30,170,color-agents-by-decile,linear-collection,UBI,400,0,0.0225791516490669,0,34.459825,14916,0.095
82,30,180,color-agents-by-decile,linear-collection,UBI,400,0,0.0225791516490669,0,34.459825,14916,0.095
83,30,190,color-agents-by-decile,linear-collection,UBI,400,0,0.0225791516490669,0,34.459825,14916,0.095
84,30,200,color-agents-by-decile,linear-collection,UBI,400,0,0.0225791516490669,0,34.459825,14916,0.095
85,40,0,color-agents-by-decile,linear-collection,UBI,400,1000,0.025348961249289,23,31.946275,13776,0.235
86,40,10,color-agents-by-decile,linear-collection,UBI,400,1000,0.0242788493203477,0,41.5735,15853,0.105
87,40,20,color-agents-by-decile,linear-collection,UBI,400,1000,0.0239202670028955,0,48.043875,19064,0.035
88,40,30,color-agents-by-decile,linear-collection,UBI,400,1000,0.0208055054254175,0,48.654375,19675,0.065
89,40,40,color-agents-by-decile,linear-collection,UBI,400,0,0.0239202670028955,0,48.043875,19064,0.035
90,40,50,color-agents-by-decile,linear-collection,UBI,400,0,0.0239202670028955,0,48.043875,19064,0.035
91,40,60,color-agents-by-decile,linear-collection,UBI,400,0,0.0239202670028955,0,48.043875,19064,0.035
92,40,70,color-agents-by-decile,linear-collection,UBI,400,0,0.0239202670028955,0,48.043875,19064,0.035
93,40,80,color-agents-by-decile,linear-collection,UBI,400,0,0.0239202670028955,0,48.043875,19064,0.035
94,40,90,color-agents-by-decile,linear-collection,UBI,400,0,0.0239202670028955,0,48.043875,19064,0.035
95,40,100,color-agents-by-decile,linear-collection,UBI,400,0,0.0239202670028955,0,48.043875,19064,0.035
96,40,110,color-agents-by-decile,linear-collection,UBI,400,0,0.0239202670028955,0,48.043875,19064,0.035
97,40,120,color-agents-by-decile,linear-collection,UBI,400,0,0.0239202670028955,0,48.043875,19064,0.035
98,40,130,color-agents-by-decile,linear-collection,UBI,400,0,0.0239202670028955,0,48.043875,19064,0.035
99,40,140,color-agents-by-decile,linear-collection,UBI,400,0,0.0239202670028955,0,48.043875,19064,0.035
100,40,150,color-agents-by-decile,linear-collection,UBI,400,0,0.0239202670028955,0,48.043875,19064,0.035
101,40,160,color-agents-by-decile,linear-collection,UBI,400,0,0.0239202670028955,0,48.043875,19064,0.035
102,40,170,color-agents-by-decile,linear-collection,UBI,400,0,0.0239202670028955,0,48.043875,19064,0.035
103,40,180,color-agents-by-decile,linear-collection,UBI,400,0,0.0239202670028955,0,48.043875,19064,0.035
104,40,190,color-agents-by-decile,linear-collection,UBI,400,0,0.0239202670028955,0,48.043875,19064,0.035
105,40,200,color-agents-by-decile,linear-collection,UBI,400,0,0.0239202670028955,0,48.043875,19064,0.035
106,50,0,color-agents-by-decile,linear-collection,UBI,400,1000,0.0258520342187655,14,41.81865,16662,0.145
107,50,10,color-agents-by-decile,linear-collection,UBI,400,1000,0.0229688981728292,0,45.40635,19010,0.265
108,50,20,color-agents-by-decile,linear-collection,UBI,400,1000,0.0239323583191844,0,52.560825,20830,0.245
109,50,30,color-agents-by-decile,linear-collection,UBI,400,1000,0.0217957519554064,0,53.465175,21681,0.27
110,50,40,color-agents-by-decile,linear-collection,UBI,400,1000,0.0225552032887653,0,61.371,24636,0.105
111,50,50,color-agents-by-decile,linear-collection,UBI,400,0,0.0217957519554064,0,53.465175,21681,0.27
112,50,60,color-agents-by-decile,linear-collection,UBI,400,0,0.0217957519554064,0,53.465175,21681,0.27
113,50,70,color-agents-by-decile,linear-collection,UBI,400,0,0.0217957519554064,0,53.465175,21681,0.27
114,50,80,color-agents-by-decile,linear-collection,UBI,400,0,0.0217957519554064,0,53.465175,21681,0.27
115,50,90,color-agents-by-decile,linear-collection,UBI,400,0,0.0217957519554064,0,53.465175,21681,0.27
116,50,100,color-agents-by-decile,linear-collection,UBI,400,0,0.0217957519554064,0,53.465175,21681,0.27
117,50,110,color-agents-by-decile,linear-collection,UBI,400,0,0.0217957519554064,0,53.465175,21681,0.27
118,50,120,color-agents-by-decile,linear-collection,UBI,400,0,0.0217957519554064,0,53.465175,21681,0.27
119,50,130,color-agents-by-decile,linear-collection,UBI,400,0,0.0217957519554064,0,53.465175,21681,0.27
120,50,140,color-agents-by-decile,linear-collection,UBI,400,0,0.0217957519554064,0,53.465175,21681,0.27
121,50,150,color-agents-by-decile,linear-collection,UBI,400,0,0.0217957519554064,0,53.465175,21681,0.27
122,50,160,color-agents-by-decile,linear-collection,UBI,400,0,0.0217957519554064,0,53.465175,21681,0.27
123,50,170,color-agents-by-decile,linear-collection,UBI,400,0,0.0217957519554064,0,53.465175,21681,0.27
124,50,180,color-agents-by-decile,linear-collection,UBI,400,0,0.0217957519554064,0,53.465175,21681,0.27
125,50,190,color-agents-by-decile,linear-collection,UBI,400,0,0.0217957519554064,0,53.465175,21681,0.27
126,50,200,color-agents-by-decile,linear-collection,UBI,400,0,0.0217957519554064,0,53.465175,21681,0.27
127,60,0,color-agents-by-decile,linear-collection,UBI,400,1000,0.0263763624393663,9,43.4697,17887,0.145
128,60,10,color-agents-by-decile,linear-collection,UBI,400,1000,0.0248988462319839,0,51.676125,20248,0.06
129,60,20,color-agents-by-decile,linear-collection,UBI,400,1000,0.0254831423831297,0,58.754225,21596,0.225
130,60,30,color-agents-by-decile,linear-collection,UBI,400,1000,0.0230778782215603,0,58.355025,22903,0.28
131,60,40,color-agents-by-decile,linear-collection,UBI,400,1000,0.0239215496642283,0,67.57015,26229,0.05
132,60,50,color-agents-by-decile,linear-collection,UBI,400,1000,0.02322959480054,0,72.902325,28841,0.215
133,60,60,color-agents-by-decile,linear-collection,UBI,400,0,0.0239215496642283,0,67.57015,26229,0.05
134,60,70,color-agents-by-decile,linear-collection,UBI,400,0,0.0239215496642283,0,67.57015,26229,0.05
135,60,80,color-agents-by-decile,linear-collection,UBI,400,0,0.0239215496642283,0,67.57015,26229,0.05
136,60,90,color-agents-by-decile,linear-collection,UBI,400,0,0.0239215496642283,0,67.57015,26229,0.05
137,60,100,color-agents-by-decile,linear-collection,UBI,400,0,0.0239215496642283,0,67.57015,26229,0.05
138,60,110,color-agents-by-decile,linear-collection,UBI,400,0,0.0239215496642283,0,67.57015,26229,0.05
139,60,120,color-agents-by-decile,linear-collection,UBI,400,0,0.0239215496642283,0,67.57015,26229,0.05
140,60,130,color-agents-by-decile,linear-collection,UBI,400,0,0.0239215496642283,0,67.57015,26229,0.05
141,60,140,color-agents-by-decile,linear-collection,UBI,400,0,0.0239215496642283,0,67.57015,26229,0.05
142,60,150,color-agents-by-decile,linear-collection,UBI,400,0,0.0239215496642283,0,67.57015,26229,0.05
143,60,160,color-agents-by-decile,linear-collection,UBI,400,0,0.0239215496642283,0,67.57015,26229,0.05
144,60,170,color-agents-by-decile,linear-collection,UBI,400,0,0.0239215496642283,0,67.57015,26229,0.05
145,60,180,color-agents-by-decile,linear-collection,UBI,400,0,0.0239215496642283,0,67.57015,26229,0.05
146,60,190,color-agents-by-decile,linear-collection,UBI,400,0,0.0239215496642283,0,67.57015,26229,0.05
147,60,200,color-agents-by-decile,linear-collection,UBI,400,0,0.0239215496642283,0,67.57015,26229,0.05
148,70,0,color-agents-by-decile,linear-collection,UBI,400,1000,0.0275800898088943,4,49.5763,19904,0.23
149,70,10,color-agents-by-decile,linear-collection,UBI,400,1000,0.0265895402786361,0,56.82675,20979,0.255
150,70,20,color-agents-by-decile,linear-collection,UBI,400,1000,0.0235936136465146,0,61.332975,25421,0.27
151,70,30,color-agents-by-decile,linear-collection,UBI,400,1000,0.0246587694549375,0,67.726475,27190,-0.02
152,70,40,color-agents-by-decile,linear-collection,UBI,400,1000,0.0232521782746996,0,70.129425,28432,0.235
153,70,50,color-agents-by-decile,linear-collection,UBI,400,1000,0.0222613935545063,0,75.717025,31768,0.225
154,70,60,color-agents-by-decile,linear-collection,UBI,400,1000,0.0221202448637372,0,80.62915,33935,0.225
155,70,70,color-agents-by-decile,linear-collection,UBI,400,0,0.0222613935545063,0,75.717025,31768,0.225
156,70,80,color-agents-by-decile,linear-collection,UBI,400,0,0.0222613935545063,0,75.717025,31768,0.225
157,70,90,color-agents-by-decile,linear-collection,UBI,400,0,0.0222613935545063,0,75.717025,31768,0.225
158,70,100,color-agents-by-decile,linear-collection,UBI,400,0,0.0222613935545063,0,75.717025,31768,0.225
159,70,110,color-agents-by-decile,linear-collection,UBI,400,0,0.0222613935545063,0,75.717025,31768,0.225
160,70,120,color-agents-by-decile,linear-collection,UBI,400,0,0.0222613935545063,0,75.717025,31768,0.225
161,70,130,color-agents-by-decile,linear-collection,UBI,400,0,0.0222613935545063,0,75.717025,31768,0.225
162,70,140,color-agents-by-decile,linear-collection,UBI,400,0,0.0222613935545063,0,75.717025,31768,0.225
163,70,150,color-agents-by-decile,linear-collection,UBI,400,0,0.0222613935545063,0,75.717025,31768,0.225
164,70,160,color-agents-by-decile,linear-collection,UBI,400,0,0.0222613935545063,0,75.717025,31768,0.225
165,70,170,color-agents-by-decile,linear-collection,UBI,400,0,0.0222613935545063,0,75.717025,31768,0.225
166,70,180,color-agents-by-decile,linear-collection,UBI,400,0,0.0222613935545063,0,75.717025,31768,0.225
167,70,190,color-agents-by-decile,linear-collection,UBI,400,0,0.0222613935545063,0,75.717025,31768,0.225
168,70,200,color-agents-by-decile,linear-collection,UBI,400,0,0.0222613935545063,0,75.717025,31768,0.225
169,80,0,color-agents-by-decile,linear-collection,UBI,400,1000,0.0289993061588204,9,56.0477,22925,0.18
170,80,10,color-agents-by-decile,linear-collection,UBI,400,1000,0.0257282380345418,0,58.09635,23524,0.41
171,80,20,color-agents-by-decile,linear-collection,UBI,400,1000,0.0261785971821772,0,67.809775,27573,0.25
172,80,30,color-agents-by-decile,linear-collection,UBI,400,1000,0.0243599861728919,0,69.716625,28258,0.31
173,80,40,color-agents-by-decile,linear-collection,UBI,400,1000,0.0224191270660192,0,73.06865,29711,0.195
174,80,50,color-agents-by-decile,linear-collection,UBI,400,1000,0.0235337010637008,0,80.09605,32018,0.075
175,80,60,color-agents-by-decile,linear-collection,UBI,400,1000,0.0237883182672154,0,87.055575,35137,0.215
176,80,70,color-agents-by-decile,linear-collection,UBI,400,1000,0.0234706845200974,0,91.0837,36429,0.225
177,80,80,color-agents-by-decile,linear-collection,UBI,400,0,0.0237883182672154,0,87.055575,35137,0.215
178,80,90,color-agents-by-decile,linear-collection,UBI,400,0,0.0237883182672154,0,87.055575,35137,0.215
179,80,100,color-agents-by-decile,linear-collection,UBI,400,0,0.0237883182672154,0,87.055575,35137,0.215
180,80,110,color-agents-by-decile,linear-collection,UBI,400,0,0.0237883182672154,0,87.055575,35137,0.215
181,80,120,color-agents-by-decile,linear-collection,UBI,400,0,0.0237883182672154,0,87.055575,35137,0.215
182,80,130,color-agents-by-decile,linear-collection,UBI,400,0,0.0237883182672154,0,87.055575,35137,0.215
183,80,140,color-agents-by-decile,linear-collection,UBI,400,0,0.0237883182672154,0,87.055575,35137,0.215
184,80,150,color-agents-by-decile,linear-collection,UBI,400,0,0.0237883182672154,0,87.055575,35137,0.215
185,80,160,color-agents-by-decile,linear-collection,UBI,400,0,0.0237883182672154,0,87.055575,35137,0.215
186,80,170,color-agents-by-decile,linear-collection,UBI,400,0,0.0237883182672154,0,87.055575,35137,0.215
187,80,180,color-agents-by-decile,linear-collection,UBI,400,0,0.0237883182672154,0,87.055575,35137,0.215
188,80,190,color-agents-by-decile,linear-collection,UBI,400,0,0.0237883182672154,0,87.055575,35137,0.215
189,80,200,color-agents-by-decile,linear-collection,UBI,400,0,0.0237883182672154,0,87.055575,35137,0.215
190,90,0,color-agents-by-decile,linear-collection,UBI,400,1000,0.0292887846872464,6,58.46575,23496,0.285
191,90,10,color-agents-by-decile,linear-collection,UBI,400,1000,0.0277808714229311,0,61.45915,24267,0.235
192,90,20,color-agents-by-decile,linear-collection,UBI,400,1000,0.0263623128960983,0,66.5738,28058,0.205
193,90,30,color-agents-by-decile,linear-collection,UBI,400,1000,0.0246712354468728,0,72.532225,29048,0.295
194,90,40,color-agents-by-decile,linear-collection,UBI,400,1000,0.024367714622848,0,77.4845,29940,0.08
195,90,50,color-agents-by-decile,linear-collection,UBI,400,1000,0.0245129068124795,0,85.3314,33209,0.275
196,90,60,color-agents-by-decile,linear-collection,UBI,400,1000,0.024268244608136,0,93.361025,36162,0.375
197,90,70,color-agents-by-decile,linear-collection,UBI,400,1000,0.0241949978763292,0,98.4261,39987,0.255
198,90,80,color-agents-by-decile,linear-collection,UBI,400,1000,0.0232547039942029,0,101.9984,41940,0.195
199,90,90,color-agents-by-decile,linear-collection,UBI,400,0,0.0241949978763292,0,98.4261,39987,0.255
200,90,100,color-agents-by-decile,linear-collection,UBI,400,0,0.0241949978763292,0,98.4261,39987,0.255
201,90,110,color-agents-by-decile,linear-collection,UBI,400,0,0.0241949978763292,0,98.4261,39987,0.255
202,90,120,color-agents-by-decile,linear-collection,UBI,400,0,0.0241949978763292,0,98.4261,39987,0.255
203,90,130,color-agents-by-decile,linear-collection,UBI,400,0,0.0241949978763292,0,98.4261,39987,0.255
204,90,140,color-agents-by-decile,linear-collection,UBI,400,0,0.0241949978763292,0,98.4261,39987,0.255
205,90,150,color-agents-by-decile,linear-collection,UBI,400,0,0.0241949978763292,0,98.4261,39987,0.255
206,90,160,color-agents-by-decile,linear-collection,UBI,400,0,0.0241949978763292,0,98.4261,39987,0.255
207,90,170,color-agents-by-decile,linear-collection,UBI,400,0,0.0241949978763292,0,98.4261,39987,0.255
208,90,180,color-agents-by-decile,linear-collection,UBI,400,0,0.0241949978763292,0,98.4261,39987,0.255
209,90,190,color-agents-by-decile,linear-collection,UBI,400,0,0.0241949978763292,0,98.4261,39987,0.255
210,90,200,color-agents-by-decile,linear-collection,UBI,400,0,0.0241949978763292,0,98.4261,39987,0.255
211,100,0,color-agents-by-decile,linear-collection,UBI,400,1000,0.0308993071502854,5,66.86515,26490,0.165
212,100,10,color-agents-by-decile,linear-collection,UBI,400,1000,0.0284389770393145,0,66.110825,27621,0.205
213,100,20,color-agents-by-decile,linear-collection,UBI,400,1000,0.026386851424983,0,72.43555,28746,0.405
214,100,30,color-agents-by-decile,linear-collection,UBI,400,1000,0.0258942172103702,0,82.143575,32308,0.235
215,100,40,color-agents-by-decile,linear-collection,UBI,400,1000,0.0247828236139057,0,85.155175,34338,0.17
216,100,50,color-agents-by-decile,linear-collection,UBI,400,1000,0.0247016902468129,0,90.41645,34536,0.29
217,100,60,color-agents-by-decile,linear-collection,UBI,400,1000,0.024395467405294,0,97.81685,40188,0.305
218,100,70,color-agents-by-decile,linear-collection,UBI,400,1000,0.0242307462559224,0,101.312,41514,0.265
219,100,80,color-agents-by-decile,linear-collection,UBI,400,1000,0.0239127469875123,0,106.8062,43769,0.275
220,100,90,color-agents-by-decile,linear-collection,UBI,400,1000,0.0244864465450216,0,112.6122,45215,0.26
221,100,100,color-agents-by-decile,linear-collection,UBI,400,0,0.0239127469875123,0,106.8062,43769,0.275
222,100,110,color-agents-by-decile,linear-collection,UBI,400,0,0.0239127469875123,0,106.8062,43769,0.275
223,100,120,color-agents-by-decile,linear-collection,UBI,400,0,0.0239127469875123,0,106.8062,43769,0.275
224,100,130,color-agents-by-decile,linear-collection,UBI,400,0,0.0239127469875123,0,106.8062,43769,0.275
225,100,140,color-agents-by-decile,linear-collection,UBI,400,0,0.0239127469875123,0,106.8062,43769,0.275
226,100,150,color-agents-by-decile,linear-collection,UBI,400,0,0.0239127469875123,0,106.8062,43769,0.275
227,100,160,color-agents-by-decile,linear-collection,UBI,400,0,0.0239127469875123,0,106.8062,43769,0.275
228,100,170,color-agents-by-decile,linear-collection,UBI,400,0,0.0239127469875123,0,106.8062,43769,0.275
229,100,180,color-agents-by-decile,linear-collection,UBI,400,0,0.0239127469875123,0,106.8062,43769,0.275
230,100,190,color-agents-by-decile,linear-collection,UBI,400,0,0.0239127469875123,0,106.8062,43769,0.275
231,100,200,color-agents-by-decile,linear-collection,UBI,400,0,0.0239127469875123,0,106.8062,43769,0.275
232,110,0,color-agents-by-decile,linear-collection,UBI,400,1000,0.0305893540804825,5,71.196675,29318,0.425
233,110,10,color-agents-by-decile,linear-collection,UBI,400,1000,0.0283529966870647,0,78.14525,31721,0.225
234,110,20,color-agents-by-decile,linear-collection,UBI,400,1000,0.0268301344008445,0,79.803075,32222,0.23
235,110,30,color-agents-by-decile,linear-collection,UBI,400,1000,0.0256944362179773,0,81.642325,33781,0.25
236,110,40,color-agents-by-decile,linear-collection,UBI,400,1000,0.0257432071272301,0,91.642225,36955,0.425
237,110,50,color-agents-by-decile,linear-collection,UBI,400,1000,0.0253503414319817,0,97.344425,38800,0.375
238,110,60,color-agents-by-decile,linear-collection,UBI,400,1000,0.0240164113138138,0,99.9134,41173,0.245
239,110,70,color-agents-by-decile,linear-collection,UBI,400,1000,0.0243161600244492,0,105.0427,42952,0.4
240,110,80,color-agents-by-decile,linear-collection,UBI,400,1000,0.0242261901685779,0,111.128,42809,0.275
241,110,90,color-agents-by-decile,linear-collection,UBI,400,1000,0.0246238511390287,0,118.41415,46986,0.285
242,110,100,color-agents-by-decile,linear-collection,UBI,400,1000,0.024481582420576,0,122.526575,49703,0.335
243,110,110,color-agents-by-decile,linear-collection,UBI,400,0,0.0246238511390287,0,118.41415,46986,0.285
244,110,120,color-agents-by-decile,linear-collection,UBI,400,0,0.0246238511390287,0,118.41415,46986,0.285
245,110,130,color-agents-by-decile,linear-collection,UBI,400,0,0.0246238511390287,0,118.41415,46986,0.285
246,110,140,color-agents-by-decile,linear-collection,UBI,400,0,0.0246238511390287,0,118.41415,46986,0.285
247,110,150,color-agents-by-decile,linear-collection,UBI,400,0,0.0246238511390287,0,118.41415,46986,0.285
248,110,160,color-agents-by-decile,linear-collection,UBI,400,0,0.0246238511390287,0,118.41415,46986,0.285
249,110,170,color-agents-by-decile,linear-collection,UBI,400,0,0.0246238511390287,0,118.41415,46986,0.285
250,110,180,color-agents-by-decile,linear-collection,UBI,400,0,0.0246238511390287,0,118.41415,46986,0.285
251,110,190,color-agents-by-decile,linear-collection,UBI,400,0,0.0246238511390287,0,118.41415,46986,0.285
252,110,200,color-agents-by-decile,linear-collection,UBI,400,0,0.0246238511390287,0,118.41415,46986,0.285
253,120,0,color-agents-by-decile,linear-collection,UBI,400,1000,0.0304878922343933,6,74.1227,30872,0.445
254,120,10,color-agents-by-decile,linear-collection,UBI,400,1000,0.0294786296573428,0,81.5036,33337,0.25
255,120,20,color-agents-by-decile,linear-collection,UBI,400,1000,0.0283081505743751,0,85.2332,34008,0.375
256,120,30,color-agents-by-decile,linear-collection,UBI,400,1000,0.0271630971793131,0,90.940975,34752,0.37
257,120,40,color-agents-by-decile,linear-collection,UBI,400,1000,0.0258711167302473,0,97.207,39049,0.26
258,120,50,color-agents-by-decile,linear-collection,UBI,400,1000,0.0249947883016726,0,95.8295,38945,0.32
259,120,60,color-agents-by-decile,linear-collection,UBI,400,1000,0.0254207811859961,0,101.905375,41973,0.27
260,120,70,color-agents-by-decile,linear-collection,UBI,400,1000,0.0244745710507101,0,110.5526,43923,0.345
261,120,80,color-agents-by-decile,linear-collection,UBI,400,1000,0.024946729098082,0,117.618025,47620,0.41
262,120,90,color-agents-by-decile,linear-collection,UBI,400,1000,0.0246676115306262,0,121.355775,48629,0.385
263,120,100,color-agents-by-decile,linear-collection,UBI,400,1000,0.0250390122952607,0,127.744525,49689,0.31
264,120,110,color-agents-by-decile,linear-collection,UBI,400,1000,0.0243810302887766,0,131.6402,52141,0.445
265,120,120,color-agents-by-decile,linear-collection,UBI,400,0,0.0250390122952607,0,127.744525,49689,0.31
266,120,130,color-agents-by-decile,linear-collection,UBI,400,0,0.0250390122952607,0,127.744525,49689,0.31
267,120,140,color-agents-by-decile,linear-collection,UBI,400,0,0.0250390122952607,0,127.744525,49689,0.31
268,120,150,color-agents-by-decile,linear-collection,UBI,400,0,0.0250390122952607,0,127.744525,49689,0.31
269,120,160,color-agents-by-decile,linear-collection,UBI,400,0,0.0250390122952607,0,127.744525,49689,0.31
270,120,170,color-agents-by-decile,linear-collection,UBI,400,0,0.0250390122952607,0,127.744525,49689,0.31
271,120,180,color-agents-by-decile,linear-collection,UBI,400,0,0.0250390122952607,0,127.744525,49689,0.31
272,120,190,color-agents-by-decile,linear-collection,UBI,400,0,0.0250390122952607,0,127.744525,49689,0.31
273,120,200,color-agents-by-decile,linear-collection,UBI,400,0,0.0250390122952607,0,127.744525,49689,0.31
274,130,0,color-agents-by-decile,linear-collection,UBI,400,1000,0.0312908514592878,5,80.390775,33182,0.45
275,130,10,color-agents-by-decile,linear-collection,UBI,400,1000,0.0297182911595981,0,81.0629750000001,33670,0.35
276,130,20,color-agents-by-decile,linear-collection,UBI,400,1000,0.0288284604132134,0,85.7385,34102,0.27
277,130,30,color-agents-by-decile,linear-collection,UBI,400,1000,0.0274226981379201,0,96.4645,37865,0.27
278,130,40,color-agents-by-decile,linear-collection,UBI,400,1000,0.0268927248629311,0,99.519325,38906,0.245
279,130,50,color-agents-by-decile,linear-collection,UBI,400,1000,0.0258811725887293,0,105.094075,42224,0.205
280,130,60,color-agents-by-decile,linear-collection,UBI,400,1000,0.0256318043722995,0,106.77515,42273,0.375
281,130,70,color-agents-by-decile,linear-collection,UBI,400,1000,0.0251630261863059,0,113.786375,45960,0.365
282,130,80,color-agents-by-decile,linear-collection,UBI,400,1000,0.0250177185559628,0,118.59065,47017,0.205
283,130,90,color-agents-by-decile,linear-collection,UBI,400,1000,0.024855019706039,0,126.617575,49344,0.185
284,130,100,color-agents-by-decile,linear-collection,UBI,400,1000,0.0241752945894903,0,128.934875,52678,0.4
285,130,110,color-agents-by-decile,linear-collection,UBI,400,1000,0.0247878729009716,0,138.43305,55065,0.26
286,130,120,color-agents-by-decile,linear-collection,UBI,400,1000,0.0246249322225488,0,137.584425,54896,0.385
287,130,130,color-agents-by-decile,linear-collection,UBI,400,0,0.0247878729009716,0,138.43305,55065,0.26
288,130,140,color-agents-by-decile,linear-collection,UBI,400,0,0.0247878729009716,0,138.43305,55065,0.26
289,130,150,color-agents-by-decile,linear-collection,UBI,400,0,0.0247878729009716,0,138.43305,55065,0.26
290,130,160,color-agents-by-decile,linear-collection,UBI,400,0,0.0247878729009716,0,138.43305,55065,0.26
291,130,170,color-agents-by-decile,linear-collection,UBI,400,0,0.0247878729009716,0,138.43305,55065,0.26
292,130,180,color-agents-by-decile,linear-collection,UBI,400,0,0.0247878729009716,0,138.43305,55065,0.26
293,130,190,color-agents-by-decile,linear-collection,UBI,400,0,0.0247878729009716,0,138.43305,55065,0.26
294,130,200,color-agents-by-decile,linear-collection,UBI,400,0,0.0247878729009716,0,138.43305,55065,0.26
295,140,0,color-agents-by-decile,linear-collection,UBI,400,1000,0.0313855611385149,7,86.7405250000001,35210,0.375
296,140,10,color-agents-by-decile,linear-collection,UBI,400,1000,0.0307466365251646,0,91.55485,35617,0.28
297,140,20,color-agents-by-decile,linear-collection,UBI,400,1000,0.0299169047197862,0,93.054875,36959,0.37
298,140,30,color-agents-by-decile,linear-collection,UBI,400,1000,0.0279197960717879,0,99.598175,39288,0.13
299,140,40,color-agents-by-decile,linear-collection,UBI,400,1000,0.0269229728692803,0,104.398675,42604,0.26
300,140,50,color-agents-by-decile,linear-collection,UBI,400,1000,0.0265795692335523,0,110.9317,43799,0.425
301,140,60,color-agents-by-decile,linear-collection,UBI,400,1000,0.0256905033006567,0,113.9448,46298,0.565
302,140,70,color-agents-by-decile,linear-collection,UBI,400,1000,0.0255666605538344,0,120.217,47136,0.42
303,140,80,color-agents-by-decile,linear-collection,UBI,400,1000,0.0252066113406088,0,125.436825,50790,0.14
304,140,90,color-agents-by-decile,linear-collection,UBI,400,1000,0.0247804749282745,0,131.015875,52531,0.42
305,140,100,color-agents-by-decile,linear-collection,UBI,400,1000,0.0250263140397512,0,134.953825,54157,0.32
306,140,110,color-agents-by-decile,linear-collection,UBI,400,1000,0.0252849918333683,0,141.6544,55838,0.265
307,140,120,color-agents-by-decile,linear-collection,UBI,400,1000,0.0248865955994583,0,142.257325,56754,0.355
308,140,130,color-agents-by-decile,linear-collection,UBI,400,1000,0.0246170819454652,0,151.72615,61325,0.165
309,140,140,color-agents-by-decile,linear-collection,UBI,400,0,0.0248865955994583,0,142.257325,56754,0.355
310,140,150,color-agents-by-decile,linear-collection,UBI,400,0,0.0248865955994583,0,142.257325,56754,0.355
311,140,160,color-agents-by-decile,linear-collection,UBI,400,0,0.0248865955994583,0,142.257325,56754,0.355
312,140,170,color-agents-by-decile,linear-collection,UBI,400,0,0.0248865955994583,0,142.257325,56754,0.355
313,140,180,color-agents-by-decile,linear-collection,UBI,400,0,0.0248865955994583,0,142.257325,56754,0.355
314,140,190,color-agents-by-decile,linear-collection,UBI,400,0,0.0248865955994583,0,142.257325,56754,0.355
315,140,200,color-agents-by-decile,linear-collection,UBI,400,0,0.0248865955994583,0,142.257325,56754,0.355
316,150,0,color-agents-by-decile,linear-collection,UBI,400,1000,0.0329920556084427,1,90.453225,33439,0.335
317,150,10,color-agents-by-decile,linear-collection,UBI,400,1000,0.0311505610725212,0,93.77755,38723,0.505
318,150,20,color-agents-by-decile,linear-collection,UBI,400,1000,0.0287936973610472,0,99.809675,41196,0.295
319,150,30,color-agents-by-decile,linear-collection,UBI,400,1000,0.0282034424740635,0,108.5297,42775,0.445
320,150,40,color-agents-by-decile,linear-collection,UBI,400,1000,0.028198577495198,0,112.132375,42656,0.4
321,150,50,color-agents-by-decile,linear-collection,UBI,400,1000,0.0271338406969658,0,115.65065,45902,0.19
322,150,60,color-agents-by-decile,linear-collection,UBI,400,1000,0.0266708526977132,0,120.484,47126,0.29
323,150,70,color-agents-by-decile,linear-collection,UBI,400,1000,0.0260920097595771,0,125.792575,49835,0.295
324,150,80,color-agents-by-decile,linear-collection,UBI,400,1000,0.0252949981811829,0,131.396825,52289,0.215
325,150,90,color-agents-by-decile,linear-collection,UBI,400,1000,0.0251229219207316,0,135.520025,53304,0.21
326,150,100,color-agents-by-decile,linear-collection,UBI,400,1000,0.0252636197422296,0,142.805125,56720,0.16
327,150,110,color-agents-by-decile,linear-collection,UBI,400,1000,0.0250343731680508,0,145.410075,57980,0.165
328,150,120,color-agents-by-decile,linear-collection,UBI,400,1000,0.0247492143069138,0,145.79255,59063,0.15
329,150,130,color-agents-by-decile,linear-collection,UBI,400,1000,0.024663328275881,0,154.230825,61604,0.22
330,150,140,color-agents-by-decile,linear-collection,UBI,400,1000,0.0253584101762939,0,158.730225,62428,0.395
331,150,150,color-agents-by-decile,linear-collection,UBI,400,0,0.024663328275881,0,154.230825,61604,0.22
332,150,160,color-agents-by-decile,linear-collection,UBI,400,0,0.024663328275881,0,154.230825,61604,0.22
333,150,170,color-agents-by-decile,linear-collection,UBI,400,0,0.024663328275881,0,154.230825,61604,0.22
334,150,180,color-agents-by-decile,linear-collection,UBI,400,0,0.024663328275881,0,154.230825,61604,0.22
335,150,190,color-agents-by-decile,linear-collection,UBI,400,0,0.024663328275881,0,154.230825,61604,0.22
336,150,200,color-agents-by-decile,linear-collection,UBI,400,0,0.024663328275881,0,154.230825,61604,0.22
337,160,0,color-agents-by-decile,linear-collection,UBI,400,1000,0.0341534825277628,6,90.12025,37515,0.385
338,160,10,color-agents-by-decile,linear-collection,UBI,400,1000,0.0312292521163684,0,99.6588,40195,0.28
339,160,20,color-agents-by-decile,linear-collection,UBI,400,1000,0.0298536419765585,0,101.45485,41488,0.34
340,160,30,color-agents-by-decile,linear-collection,UBI,400,1000,0.0288001120745654,0,109.658475,43724,0.325
341,160,40,color-agents-by-decile,linear-collection,UBI,400,1000,0.0285545891064878,0,116.316825,47266,0.45
342,160,50,color-agents-by-decile,linear-collection,UBI,400,1000,0.0276938193521688,0,120.439375,48081,0.345
343,160,60,color-agents-by-decile,linear-collection,UBI,400,1000,0.0263632233609263,0,125.595475,50289,0.33
344,160,70,color-agents-by-decile,linear-collection,UBI,400,1000,0.0257766986802108,0,127.52415,51185,0.44
345,160,80,color-agents-by-decile,linear-collection,UBI,400,1000,0.0262843066329041,0,133.475525,53814,0.355
346,160,90,color-agents-by-decile,linear-collection,UBI,400,1000,0.0254381705473455,0,142.4386,57435,0.46
347,160,100,color-agents-by-decile,linear-collection,UBI,400,1000,0.0251618002051424,0,144.72145,57821,0.425
348,160,110,color-agents-by-decile,linear-collection,UBI,400,1000,0.0251784466638696,0,148.61585,59226,0.28
349,160,120,color-agents-by-decile,linear-collection,UBI,400,1000,0.0248116665320057,0,155.88675,63333,0.32
350,160,130,color-agents-by-decile,linear-collection,UBI,400,1000,0.0247161012472408,0,160.014025,64616,0.05
351,160,140,color-agents-by-decile,linear-collection,UBI,400,1000,0.0249119566537163,0,166.382025,67758,0.375
352,160,150,color-agents-by-decile,linear-collection,UBI,400,1000,0.0250179150149726,0,168.697625,67806,0.345
353,160,160,color-agents-by-decile,linear-collection,UBI,400,0,0.0249119566537163,0,166.382025,67758,0.375
354,160,170,color-agents-by-decile,linear-collection,UBI,400,0,0.0249119566537163,0,166.382025,67758,0.375
355,160,180,color-agents-by-decile,linear-collection,UBI,400,0,0.0249119566537163,0,166.382025,67758,0.375
356,160,190,color-agents-by-decile,linear-collection,UBI,400,0,0.0249119566537163,0,166.382025,67758,0.375
357,160,200,color-agents-by-decile,linear-collection,UBI,400,0,0.0249119566537163,0,166.382025,67758,0.375
358,170,0,color-agents-by-decile,linear-collection,UBI,400,1000,0.0340148369033466,2,97.9368,38402,0.315
359,170,10,color-agents-by-decile,linear-collection,UBI,400,1000,0.0319633752681407,0,102.500725,42111,0.41
360,170,20,color-agents-by-decile,linear-collection,UBI,400,1000,0.0304544971984133,0,109.88985,45449,0.545
361,170,30,color-agents-by-decile,linear-collection,UBI,400,1000,0.0290624644915327,0,116.2584,46781,0.34
362,170,40,color-agents-by-decile,linear-collection,UBI,400,1000,0.0283595919350987,0,122.691175,49676,0.305
363,170,50,color-agents-by-decile,linear-collection,UBI,400,1000,0.0278085295702676,0,128.067975,50383,0.465
364,170,60,color-agents-by-decile,linear-collection,UBI,400,1000,0.0275525611949618,0,134.7239,53347,0.415
365,170,70,color-agents-by-decile,linear-collection,UBI,400,1000,0.0263558383241737,0,135.849275,54426,0.32
366,170,80,color-agents-by-decile,linear-collection,UBI,400,1000,0.0263388455318988,0,138.019125,56021,0.46
367,170,90,color-agents-by-decile,linear-collection,UBI,400,1000,0.026027993197622,0,146.304875,57316,0.5
368,170,100,color-agents-by-decile,linear-collection,UBI,400,1000,0.0259632899652472,0,150.13945,60064,0.24
369,170,110,color-agents-by-decile,linear-collection,UBI,400,1000,0.0253046717822125,0,153.487975,61702,0.365
370,170,120,color-agents-by-decile,linear-collection,UBI,400,1000,0.0252043786470046,0,160.212125,64580,0.255
371,170,130,color-agents-by-decile,linear-collection,UBI,400,1000,0.0250988891995321,0,165.00425,66399,0.33
372,170,140,color-agents-by-decile,linear-collection,UBI,400,1000,0.0250430262896281,0,171.6036,67979,0.31
373,170,150,color-agents-by-decile,linear-collection,UBI,400,1000,0.0253183575949835,0,173.88875,69317,0.41
374,170,160,color-agents-by-decile,linear-collection,UBI,400,1000,0.0248993181550626,0,179.799425,72746,0.2
375,170,170,color-agents-by-decile,linear-collection,UBI,400,0,0.0253183575949835,0,173.88875,69317,0.41
376,170,180,color-agents-by-decile,linear-collection,UBI,400,0,0.0253183575949835,0,173.88875,69317,0.41
377,170,190,color-agents-by-decile,linear-collection,UBI,400,0,0.0253183575949835,0,173.88875,69317,0.41
378,170,200,color-agents-by-decile,linear-collection,UBI,400,0,0.0253183575949835,0,173.88875,69317,0.41
379,180,0,color-agents-by-decile,linear-collection,UBI,400,1000,0.0349016894257042,2,103.550325,40484,0.445
380,180,10,color-agents-by-decile,linear-collection,UBI,400,1000,0.0317378137941185,0,109.0764,43803,0.315
381,180,20,color-agents-by-decile,linear-collection,UBI,400,1000,0.0308759537467202,0,117.2757,46599,0.45
382,180,30,color-agents-by-decile,linear-collection,UBI,400,1000,0.0292341005159349,0,121.4987,48983,0.59
383,180,40,color-agents-by-decile,linear-collection,UBI,400,1000,0.0287616633235335,0,124.239925,50248,0.465
384,180,50,color-agents-by-decile,linear-collection,UBI,400,1000,0.028216445741011,0,129.59625,53166,0.575
385,180,60,color-agents-by-decile,linear-collection,UBI,400,1000,0.0278104157016612,0,134.621975,53082,0.47
386,180,70,color-agents-by-decile,linear-collection,UBI,400,1000,0.0270984765727535,0,136.64115,53770,0.405
387,180,80,color-agents-by-decile,linear-collection,UBI,400,1000,0.026590488488982,0,143.548725,56790,0.375
388,180,90,color-agents-by-decile,linear-collection,UBI,400,1000,0.0264495232385867,0,149.418975,58623,0.495
389,180,100,color-agents-by-decile,linear-collection,UBI,400,1000,0.0263525244455486,0,159.0984,63805,0.265
390,180,110,color-agents-by-decile,linear-collection,UBI,400,1000,0.0255844043491084,0,159.385025,64156,0.15
391,180,120,color-agents-by-decile,linear-collection,UBI,400,1000,0.0254297503286592,0,164.7604,65183,0.235
392,180,130,color-agents-by-decile,linear-collection,UBI,400,1000,0.0255263451791364,0,168.647625,67377,0.21
393,180,140,color-agents-by-decile,linear-collection,UBI,400,1000,0.025386003847131,0,176.061625,71145,0.265
394,180,150,color-agents-by-decile,linear-collection,UBI,400,1000,0.0250352822677389,0,179.12625,71181,-0.105
395,180,160,color-agents-by-decile,linear-collection,UBI,400,1000,0.0252910123357697,0,185.42315,73305,0.195
396,180,170,color-agents-by-decile,linear-collection,UBI,400,1000,0.0251065910323783,0,187.620125,76095,0.08
397,180,180,color-agents-by-decile,linear-collection,UBI,400,0,0.0252910123357697,0,185.42315,73305,0.195
398,180,190,color-agents-by-decile,linear-collection,UBI,400,0,0.0252910123357697,0,185.42315,73305,0.195
399,180,200,color-agents-by-decile,linear-collection,UBI,400,0,0.0252910123357697,0,185.42315,73305,0.195
400,190,0,color-agents-by-decile,linear-collection,UBI,400,1000,0.034018867946326,5,108.823475,42850,0.485
401,190,10,color-agents-by-decile,linear-collection,UBI,400,1000,0.031970847635146,0,117.815075,46172,0.465
402,190,20,color-agents-by-decile,linear-collection,UBI,400,1000,0.0313639424416362,0,119.38315,47845,0.54
403,190,30,color-agents-by-decile,linear-collection,UBI,400,1000,0.030243513108099,0,122.948525,49008,0.465
404,190,40,color-agents-by-decile,linear-collection,UBI,400,1000,0.0289629082680801,0,126.554175,49358,0.24
405,190,50,color-agents-by-decile,linear-collection,UBI,400,1000,0.0288217136101395,0,138.211125,56419,0.36
406,190,60,color-agents-by-decile,linear-collection,UBI,400,1000,0.0277215656308883,0,141.419025,57445,0.565
407,190,70,color-agents-by-decile,linear-collection,UBI,400,1000,0.0272577009293744,0,141.352575,57022,0.28
408,190,80,color-agents-by-decile,linear-collection,UBI,400,1000,0.0269597805900667,0,152.447725,59972,0.38
409,190,90,color-agents-by-decile,linear-collection,UBI,400,1000,0.0263334679687173,0,153.471875,62739,0.345
410,190,100,color-agents-by-decile,linear-collection,UBI,400,1000,0.0260637123450479,0,161.469825,64951,0.365
411,190,110,color-agents-by-decile,linear-collection,UBI,400,1000,0.0258401743842656,0,161.0747,65784,0.505
412,190,120,color-agents-by-decile,linear-collection,UBI,400,1000,0.0257868522698866,0,170.034925,68838,0.18
413,190,130,color-agents-by-decile,linear-collection,UBI,400,1000,0.0255904731213823,0,175.35195,70098,0.235
414,190,140,color-agents-by-decile,linear-collection,UBI,400,1000,0.0253808621896506,0,177.163475,71221,0.045
415,190,150,color-agents-by-decile,linear-collection,UBI,400,1000,0.0251437005341645,0,184.486375,73568,0.025
416,190,160,color-agents-by-decile,linear-collection,UBI,400,1000,0.0252835104484982,0,188.123925,75194,0.395
417,190,170,color-agents-by-decile,linear-collection,UBI,400,1000,0.0257061221348863,0,195.600375,77057,0.22
418,190,180,color-agents-by-decile,linear-collection,UBI,400,1000,0.0256106309545361,0,202.3207,81549,0.05
419,190,190,color-agents-by-decile,linear-collection,UBI,400,0,0.0257061221348863,0,195.600375,77057,0.22
420,190,200,color-agents-by-decile,linear-collection,UBI,400,0,0.0257061221348863,0,195.600375,77057,0.22
421,200,0,color-agents-by-decile,linear-collection,UBI,400,1000,0.0337915808572534,1,117.711125,45849,0.555
422,200,10,color-agents-by-decile,linear-collection,UBI,400,1000,0.032586621867782,0,121.0345,48090,0.56
423,200,20,color-agents-by-decile,linear-collection,UBI,400,1000,0.031468978254841,0,124.0225,48286,0.39
424,200,30,color-agents-by-decile,linear-collection,UBI,400,1000,0.0311655163126006,0,128.498175,51945,0.49
425,200,40,color-agents-by-decile,linear-collection,UBI,400,1000,0.0300785728760437,0,132.78055,53238,0.51
426,200,50,color-agents-by-decile,linear-collection,UBI,400,1000,0.0286996560092927,0,141.072725,56566,0.395
427,200,60,color-agents-by-decile,linear-collection,UBI,400,1000,0.0289073635261712,0,143.160475,57498,0.425
428,200,70,color-agents-by-decile,linear-collection,UBI,400,1000,0.02785139401628,0,152.817725,59673,0.275
429,200,80,color-agents-by-decile,linear-collection,UBI,400,1000,0.0268336749195115,0,151.7335,61638,0.29
430,200,90,color-agents-by-decile,linear-collection,UBI,400,1000,0.0266189774902319,0,158.489575,63600,0.32
431,200,100,color-agents-by-decile,linear-collection,UBI,400,1000,0.0267924227972071,0,166.714525,64654,0.3
432,200,110,color-agents-by-decile,linear-collection,UBI,400,1000,0.0263472824569392,0,170.4066,66698,0.22
433,200,120,color-agents-by-decile,linear-collection,UBI,400,1000,0.0262291481242589,0,179.21105,71302,0.395
434,200,130,color-agents-by-decile,linear-collection,UBI,400,1000,0.0261798436786471,0,181.11715,72910,0.335
435,200,140,color-agents-by-decile,linear-collection,UBI,400,1000,0.0258231229674305,0,186.928125,74371,0.18
436,200,150,color-agents-by-decile,linear-collection,UBI,400,1000,0.0255679280736326,0,191.28455,76382,0.15
437,200,160,color-agents-by-decile,linear-collection,UBI,400,1000,0.0255868091594206,0,197.855825,78580,0.28
438,200,170,color-agents-by-decile,linear-collection,UBI,400,1000,0.0254501713235856,0,199.365275,78909,0.06
439,200,180,color-agents-by-decile,linear-collection,UBI,400,1000,0.0253809446790072,0,205.064875,81452,0.185
440,200,190,color-agents-by-decile,linear-collection,UBI,400,1000,0.0257434007715886,0,214.204975,85466,0.12
441,200,200,color-agents-by-decile,linear-collection,UBI,400,0,0.0253809446790072,0,205.064875,81452,0.185
